e_id,access_type,created_by,created_on,last_updated_by,last_updated_on
1,employee,aditya,2021-09-27T05:52:58Z,titiksha,2021-09-27T05:52:58Z
2,employee,aditya,2021-09-27T05:52:58Z,titiksha,2021-09-27T05:52:58Z
3,employee,aditya,2021-09-27T05:52:58Z,titiksha,2021-09-27T05:52:58Z
4,employee,aditya,2021-09-27T05:52:58Z,titiksha,2021-09-27T05:52:58Z
5,employee,aditya,2021-09-27T05:52:58Z,titiksha,2021-09-27T05:52:58Z
6,employee,aditya,2021-09-27T05:52:58Z,titiksha,2021-09-27T05:52:58Z
7,employee,aditya,2021-09-27T05:52:58Z,titiksha,2021-09-27T05:52:58Z
8,employee,aditya,2021-09-27T05:52:58Z,titiksha,2021-09-27T05:52:58Z
9,employee,aditya,2021-09-27T05:52:58Z,titiksha,2021-09-27T05:52:58Z
10,employee,aditya,2021-09-27T05:52:58Z,titiksha,2021-09-27T05:52:58Z
11,employee,aditya,2021-09-27T05:52:58Z,titiksha,2021-09-27T05:52:58Z
12,employee,aditya,2021-09-27T05:52:58Z,titiksha,2021-09-27T05:52:58Z
13,employee,aditya,2021-09-27T05:52:58Z,titiksha,2021-09-27T05:52:58Z
14,employee,aditya,2021-09-27T05:52:58Z,titiksha,2021-09-27T05:52:58Z
15,employee,aditya,2021-09-27T05:52:58Z,titiksha,2021-09-27T05:52:58Z
16,employee,aditya,2021-09-27T05:52:58Z,titiksha,2021-09-27T05:52:58Z
17,employee,aditya,2021-09-27T05:52:58Z,titiksha,2021-09-27T05:52:58Z
18,employee,aditya,2021-09-27T05:52:58Z,titiksha,2021-09-27T05:52:58Z
19,employee,aditya,2021-09-27T05:52:58Z,titiksha,2021-09-27T05:52:58Z
20,employee,aditya,2021-09-27T05:52:58Z,titiksha,2021-09-27T05:52:58Z
21,employee,aditya,2021-09-27T05:52:58Z,titiksha,2021-09-27T05:52:58Z
22,employee,aditya,2021-09-27T05:52:58Z,titiksha,2021-09-27T05:52:58Z
23,employee,aditya,2021-09-27T05:52:58Z,titiksha,2021-09-27T05:52:58Z
24,employee,aditya,2021-09-27T05:52:58Z,titiksha,2021-09-27T05:52:58Z
25,employee,aditya,2021-09-27T05:52:58Z,titiksha,2021-09-27T05:52:58Z
26,employee,aditya,2021-09-27T05:52:58Z,titiksha,2021-09-27T05:52:58Z
27,employee,aditya,2021-09-27T05:52:58Z,titiksha,2021-09-27T05:52:58Z
28,employee,aditya,2021-09-27T05:52:58Z,titiksha,2021-09-27T05:52:58Z
29,employee,aditya,2021-09-27T05:52:58Z,titiksha,2021-09-27T05:52:58Z
30,employee,aditya,2021-09-27T05:52:58Z,titiksha,2021-09-27T05:52:58Z
31,employee,aditya,2021-09-27T05:52:58Z,titiksha,2021-09-27T05:52:58Z
32,employee,aditya,2021-09-27T05:52:58Z,titiksha,2021-09-27T05:52:58Z
33,employee,aditya,2021-09-27T05:52:58Z,titiksha,2021-09-27T05:52:58Z
34,employee,aditya,2021-09-27T05:52:58Z,titiksha,2021-09-27T05:52:58Z
35,employee,aditya,2021-09-27T05:52:58Z,titiksha,2021-09-27T05:52:58Z
36,employee,aditya,2021-09-27T05:52:58Z,titiksha,2021-09-27T05:52:58Z
37,employee,aditya,2021-09-27T05:52:58Z,titiksha,2021-09-27T05:52:58Z
38,employee,aditya,2021-09-27T05:52:58Z,titiksha,2021-09-27T05:52:58Z
39,employee,aditya,2021-09-27T05:52:58Z,titiksha,2021-09-27T05:52:58Z
40,employee,aditya,2021-09-27T05:52:58Z,titiksha,2021-09-27T05:52:58Z
41,manager,aditya,2021-09-27T05:52:58Z,titiksha,2021-09-27T05:52:58Z
42,manager,aditya,2021-09-27T05:52:58Z,titiksha,2021-09-27T05:52:58Z
43,manager,aditya,2021-09-27T05:52:58Z,titiksha,2021-09-27T05:52:58Z
44,manager,aditya,2021-09-27T05:52:58Z,titiksha,2021-09-27T05:52:58Z
45,manager,aditya,2021-09-27T05:52:58Z,titiksha,2021-09-27T05:52:58Z
46,manager,aditya,2021-09-27T05:52:58Z,titiksha,2021-09-27T05:52:58Z
47,manager,aditya,2021-09-27T05:52:58Z,titiksha,2021-09-27T05:52:58Z
48,manager,aditya,2021-09-27T05:52:58Z,titiksha,2021-09-27T05:52:58Z
49,manager,aditya,2021-09-27T05:52:58Z,titiksha,2021-09-27T05:52:58Z
50,manager,aditya,2021-09-27T05:52:58Z,titiksha,2021-09-27T05:52:58Z
51,manager,aditya,2021-09-27T05:52:58Z,titiksha,2021-09-27T05:52:58Z
52,manager,aditya,2021-09-27T05:52:58Z,titiksha,2021-09-27T05:52:58Z
53,manager,aditya,2021-09-27T05:52:58Z,titiksha,2021-09-27T05:52:58Z
54,manager,aditya,2021-09-27T05:52:58Z,titiksha,2021-09-27T05:52:58Z
55,manager,aditya,2021-09-27T05:52:58Z,titiksha,2021-09-27T05:52:58Z
56,manager,aditya,2021-09-27T05:52:58Z,titiksha,2021-09-27T05:52:58Z
57,manager,aditya,2021-09-27T05:52:58Z,titiksha,2021-09-27T05:52:58Z
58,manager,aditya,2021-09-27T05:52:58Z,titiksha,2021-09-27T05:52:58Z
59,manager,aditya,2021-09-27T05:52:58Z,titiksha,2021-09-27T05:52:58Z
60,manager,aditya,2021-09-27T05:52:58Z,titiksha,2021-09-27T05:52:58Z
61,employee,aditya,2021-09-27T05:52:58Z,titiksha,2021-09-27T05:52:58Z
62,employee,aditya,2021-09-27T05:52:58Z,titiksha,2021-09-27T05:52:58Z
63,employee,aditya,2021-09-27T05:52:58Z,titiksha,2021-09-27T05:52:58Z
64,employee,aditya,2021-09-27T05:52:58Z,titiksha,2021-09-27T05:52:58Z
65,employee,aditya,2021-09-27T05:52:58Z,titiksha,2021-09-27T05:52:58Z
66,employee,aditya,2021-09-27T05:52:58Z,titiksha,2021-09-27T05:52:58Z
67,employee,aditya,2021-09-27T05:52:58Z,titiksha,2021-09-27T05:52:58Z
68,employee,aditya,2021-09-27T05:52:58Z,titiksha,2021-09-27T05:52:58Z
69,employee,aditya,2021-09-27T05:52:58Z,titiksha,2021-09-27T05:52:58Z
70,business_head,aditya,2021-09-27T05:52:58Z,titiksha,2021-09-27T05:52:58Z
71,business_head,aditya,2021-09-27T05:52:58Z,titiksha,2021-09-27T05:52:58Z
72,business_head,aditya,2021-09-27T05:52:58Z,titiksha,2021-09-27T05:52:58Z
73,business_head,aditya,2021-09-27T05:52:58Z,titiksha,2021-09-27T05:52:58Z
74,scrum_master,aditya,2021-09-27T05:52:58Z,titiksha,2021-09-27T05:52:58Z
75,scrum_master,aditya,2021-09-27T05:52:58Z,titiksha,2021-09-27T05:52:58Z
76,scrum_master,aditya,2021-09-27T05:52:58Z,titiksha,2021-09-27T05:52:58Z
77,scrum_master,aditya,2021-09-27T05:52:58Z,titiksha,2021-09-27T05:52:58Z
78,scrum_master,aditya,2021-09-27T05:52:58Z,titiksha,2021-09-27T05:52:58Z
79,scrum_master,aditya,2021-09-27T05:52:58Z,titiksha,2021-09-27T05:52:58Z
80,scrum_master,aditya,2021-09-27T05:52:58Z,titiksha,2021-09-27T05:52:58Z
81,scrum_master,aditya,2021-09-27T05:52:58Z,titiksha,2021-09-27T05:52:58Z
82,scrum_master,aditya,2021-09-27T05:52:58Z,titiksha,2021-09-27T05:52:58Z
83,scrum_master,aditya,2021-09-27T05:52:58Z,titiksha,2021-09-27T05:52:58Z
84,scrum_master,aditya,2021-09-27T05:52:58Z,titiksha,2021-09-27T05:52:58Z
85,scrum_master,aditya,2021-09-27T05:52:58Z,titiksha,2021-09-27T05:52:58Z
86,scrum_master,aditya,2021-09-27T05:52:58Z,titiksha,2021-09-27T05:52:58Z
87,employee,aditya,2021-09-27T05:52:58Z,titiksha,2021-09-27T05:52:58Z
88,employee,aditya,2021-09-27T05:52:58Z,titiksha,2021-09-27T05:52:58Z
89,employee,aditya,2021-09-27T05:52:58Z,titiksha,2021-09-27T05:52:58Z
90,employee,aditya,2021-09-27T05:52:58Z,titiksha,2021-09-27T05:52:58Z
91,employee,aditya,2021-09-27T05:52:58Z,titiksha,2021-09-27T05:52:58Z
92,employee,aditya,2021-09-27T05:52:58Z,titiksha,2021-09-27T05:52:58Z
93,employee,aditya,2021-09-27T05:52:58Z,titiksha,2021-09-27T05:52:58Z
94,employee,aditya,2021-09-27T05:52:58Z,titiksha,2021-09-27T05:52:58Z
95,employee,aditya,2021-09-27T05:52:58Z,titiksha,2021-09-27T05:52:58Z
96,employee,aditya,2021-09-27T05:52:58Z,titiksha,2021-09-27T05:52:58Z
97,employee,aditya,2021-09-27T05:52:58Z,titiksha,2021-09-27T05:52:58Z
98,employee,aditya,2021-09-27T05:52:58Z,titiksha,2021-09-27T05:52:58Z
99,employee,aditya,2021-09-27T05:52:58Z,titiksha,2021-09-27T05:52:58Z
100,employee,aditya,2021-09-27T05:52:58Z,titiksha,2021-09-27T05:52:58Z