e_id,employee_name,Team,location,designation,role,email,department,org_level,certifications,projects,total_exp,ad_tech_exp,slack_time,created_by,created_on,last_updated_by,last_updated_on
1,Wang Park,V-Money,Pune,Senior Engineer,Employee,wp@inntegralads.com,R&D,NULL,Java 8,NULL,7.5,4,8,Aditya,2021-09-27T05:52:58Z,Aditya,2021-09-27T05:52:58Z
2,Ian James,V-Money,Pune,Associate Engineer,Employee,wp@inntegralads.com,R&D,NULL,NULL,NULL,2,1,12,Aditya,2021-09-27T05:52:58Z,Aditya,2021-09-27T05:52:58Z
3,Jacob Sylvia,V-Money,Pune,Staff Engineer,Employee,wp@inntegralads.com,R&D,NULL,AWS,NULL,10,8,4,Aditya,2021-09-27T05:52:58Z,Aditya,2021-09-27T05:52:58Z
4,James Khanom,V-Money,Pune,Manager,Employee,wp@inntegralads.com,R&D,NULL,GCP,NULL,12,10,4,Aditya,2021-09-27T05:52:58Z,Aditya,2021-09-27T05:52:58Z
5,Isaac Newton,V-Money,Pune,Product Manager,Employee,wp@inntegralads.com,Non R&D,NULL,PMC,NULL,5,5,5,Aditya,2021-09-27T05:52:58Z,Aditya,2021-09-27T05:52:58Z
6,Hyung Wellborn,V-Money,Pune,Senior Engineer,Employee,wp@inntegralads.com,R&D,NULL,Java 8,NULL,7.5,4,8,Aditya,2021-09-27T05:52:58Z,Aditya,2021-09-27T05:52:58Z
7,Jacob Santorini,V-Money,Pune,Technical Client Service Associate,Employee,wp@inntegralads.com,Non R&D,NULL,Spanish Level 4,NULL,3,3,4,Aditya,2021-09-27T05:52:58Z,Aditya,2021-09-27T05:52:58Z
8,Janoo Lavie,V-Money,Pune,Senior Engineer,Employee,wp@inntegralads.com,R&D,NULL,NULL,NULL,8,8,5,Aditya,2021-09-27T05:52:58Z,Aditya,2021-09-27T05:52:58Z
9,Jacob Mallya,V-Money,Pune,Senior Data Scientist,Employee,wp@inntegralads.com,R&D,NULL,NULL,NULL,8,8,2,Aditya,2021-09-27T05:52:58Z,Aditya,2021-09-27T05:52:58Z
10,James Kylie,V-Money,Pune,Senior Product Manager,Employee,wp@inntegralads.com,Non R&D,NULL,PMC,NULL,8,8,4,Aditya,2021-09-27T05:52:58Z,Aditya,2021-09-27T05:52:58Z
11,Sonam Wangdu,V-Money,Pune,Junior Data Scientist,Employee,wp@inntegralads.com,R&D,NULL,NULL,NULL,2,2,6,Aditya,2021-09-27T05:52:58Z,Aditya,2021-09-27T05:52:58Z
12,Jai Mohan,V-Money,Pune,Manager,Employee,wp@inntegralads.com,R&D,NULL,NULL,NULL,12,12,3,Aditya,2021-09-27T05:52:58Z,Aditya,2021-09-27T05:52:58Z
13,Janus Nick,V-Money,Pune,Senior Engineer,Employee,wp@inntegralads.com,R&D,NULL,Python,NULL,8,6,10,Aditya,2021-09-27T05:52:58Z,Aditya,2021-09-27T05:52:58Z
14,Aban Osman,V-Money,Pune,Senior Engineer,Employee,wp@inntegralads.com,R&D,NULL,NULL,NULL,8,8,4,Aditya,2021-09-27T05:52:58Z,Aditya,2021-09-27T05:52:58Z
15,Jamie Feren,Brand Safety & Suitability,Pune,Staff Engineer,Employee,wp@inntegralads.com,R&D,NULL,AWS,NULL,9,9,4,Aditya,2021-09-27T05:52:58Z,Aditya,2021-09-27T05:52:58Z
16,Javier Afroz,Brand Safety & Suitability,Pune,Senior Engineer,Employee,wp@inntegralads.com,R&D,NULL,Java 8,NULL,7.5,4,8,Aditya,2021-09-27T05:52:58Z,Aditya,2021-09-27T05:52:58Z
17,Jeff Afron,Brand Safety & Suitability,Pune,Senior Engineer,Manager,wp@inntegralads.com,R&D,NULL,NULL,NULL,8,8,4,Aditya,2021-09-27T05:52:58Z,Aditya,2021-09-27T05:52:58Z
18,Jessica Alba,Brand Safety & Suitability,Pune,Staff Engineer,Manager,wp@inntegralads.com,R&D,NULL,NULL,NULL,12,12,4,Aditya,2021-09-27T05:52:58Z,Aditya,2021-09-27T05:52:58Z
19,Jerry tom,Brand Safety & Suitability,Pune,Engineer,Manager,wp@inntegralads.com,R&D,NULL,NULL,NULL,3,3,5,Aditya,2021-09-27T05:52:58Z,Aditya,2021-09-27T05:52:58Z
20,Johny Walker,Brand Safety & Suitability,Pune,Staff Engineer,Manager,wp@inntegralads.com,R&D,NULL,GCP,NULL,12,12,4,Aditya,2021-09-27T05:52:58Z,Aditya,2021-09-27T05:52:58Z
21,Johny Riggs,Brand Safety & Suitability,Pune,Junior Data Scientist,Manager,wp@inntegralads.com,R&D,NULL,NULL,NULL,2,2,6,Aditya,2021-09-27T05:52:58Z,Aditya,2021-09-27T05:52:58Z
22,John Berlin,Brand Safety & Suitability,Pune,Senior Engineer,Manager,wp@inntegralads.com,R&D,NULL,NULL,NULL,8,8,4,Aditya,2021-09-27T05:52:58Z,Aditya,2021-09-27T05:52:58Z
23,John Kendell,Brand Safety & Suitability,Pune,Senior Manager,Manager,wp@inntegralads.com,R&D,NULL,NULL,NULL,14,13,4,Aditya,2021-09-27T05:52:58Z,Aditya,2021-09-27T05:52:58Z
24,Melwin Edwards,Brand Safety & Suitability,Pune,Senior Engineer,Manager,wp@inntegralads.com,R&D,NULL,NULL,NULL,8,6,10,Aditya,2021-09-27T05:52:58Z,Aditya,2021-09-27T05:52:58Z
25,Joseph Joshua,Brand Safety & Suitability,Pune,Senior Engineer,Manager,wp@inntegralads.com,R&D,NULL,NULL,NULL,8,8,5,Aditya,2021-09-27T05:52:58Z,Aditya,2021-09-27T05:52:58Z
26,Joseph Monroe,Fraud,Pune,Technical Client Service Associate,Manager,wp@inntegralads.com,Non R&D,NULL,German Level 3,NULL,4,4,5,Aditya,2021-09-27T05:52:58Z,Aditya,2021-09-27T05:52:58Z
27,Josh Ryan,Fraud,Pune,Associate Engineer,Manager,wp@inntegralads.com,R&D,NULL,NULL,NULL,2,1,12,Aditya,2021-09-27T05:52:58Z,Aditya,2021-09-27T05:52:58Z
28,James Bond,Fraud,Pune,Data Scientist,Business Head,wp@inntegralads.com,R&D,NULL,NULL,NULL,5,5,2,Aditya,2021-09-27T05:52:58Z,Aditya,2021-09-27T05:52:58Z
29,Joshua Carlos,Fraud,Pune,Senior Engineer,Manager,wp@inntegralads.com,R&D,NULL,GCP,NULL,7.5,7.5,8,Aditya,2021-09-27T05:52:58Z,Aditya,2021-09-27T05:52:58Z
30,Rahul Gandhi,Fraud,Pune,Senior Client Service Associate,Manager,wp@inntegralads.com,Non R&D,NULL,Japanese Level 4,NULL,8,8,4,Aditya,2021-09-27T05:52:58Z,Aditya,2021-09-27T05:52:58Z
31,Mohan Madan,Fraud,Pune,Senior Engineer,Manager,wp@inntegralads.com,R&D,NULL,NULL,NULL,8,6,10,Aditya,2021-09-27T05:52:58Z,Aditya,2021-09-27T05:52:58Z
32,Justin Beiber,Fraud,Pune, Engineer,Manager,wp@inntegralads.com,R&D,NULL,Python,NULL,4,4,4,Aditya,2021-09-27T05:52:58Z,Aditya,2021-09-27T05:52:58Z
33,Mary kom,Fraud,Pune,Senior Data Scientist,Manager,wp@inntegralads.com,R&D,NULL,NULL,NULL,8,8,2,Aditya,2021-09-27T05:52:58Z,Aditya,2021-09-27T05:52:58Z
34,Kareena Kapoor,Fraud,Pune,Associate Engineer,Manager,wp@inntegralads.com,R&D,NULL,NULL,NULL,2,1,12,Aditya,2021-09-27T05:52:58Z,Aditya,2021-09-27T05:52:58Z
35,King Khan,Walled Garden Platform,Pune,Associate Engineer,Manager,wp@inntegralads.com,R&D,NULL,NULL,NULL,2,1,12,Aditya,2021-09-27T05:52:58Z,Aditya,2021-09-27T05:52:58Z
36,Kevin Peter,Walled Garden Platform,Pune,Associate Engineer,Manager,wp@inntegralads.com,R&D,NULL,NULL,NULL,2,1,6,Aditya,2021-09-27T05:52:58Z,Aditya,2021-09-27T05:52:58Z
37,Shravan Kumari,Walled Garden Platform,Pune,Technical Client Service Associate,Manager,wp@inntegralads.com,Non R&D,NULL,Spanish Level 4,NULL,3,3,4,Aditya,2021-09-27T05:52:58Z,Aditya,2021-09-27T05:52:58Z
38,Narayan Poul,Walled Garden Platform,Pune,Senior Engineer,Manager,wp@inntegralads.com,R&D,NULL,AWS,NULL,7.5,7.5,8,Aditya,2021-09-27T05:52:58Z,Aditya,2021-09-27T05:52:58Z
39,Krzysztof Zarzycki,Walled Garden Platform,Pune,Senior Data Scientist,Manager,wp@inntegralads.com,R&D,NULL,NULL,NULL,8,8,2,Aditya,2021-09-27T05:52:58Z,Aditya,2021-09-27T05:52:58Z
40,Kyle Polard,Fraud,Pune,Staff Engineer,Manager,wp@inntegralads.com,R&D,NULL,NULL,NULL,8,8,4,Aditya,2021-09-27T05:52:58Z,Aditya,2021-09-27T05:52:58Z
41,Laura Karuna,FLOW,Pune,Senior Engineer,Scrum Master,wp@inntegralads.com,R&D,NULL,GCP,NULL,8,8,5,Aditya,2021-09-27T05:52:58Z,Aditya,2021-09-27T05:52:58Z
42,Kim Yong Hung,FLOW,Pune,Data Scientist,Scrum Master,wp@inntegralads.com,R&D,NULL,NULL,NULL,6,5,2,Aditya,2021-09-27T05:52:58Z,Aditya,2021-09-27T05:52:58Z
43,Line Calling,FLOW,Pune,Associate Engineer,Scrum Master,wp@inntegralads.com,R&D,NULL,NULL,NULL,1,1,12,Aditya,2021-09-27T05:52:58Z,Aditya,2021-09-27T05:52:58Z
44,Pradeep Krishnan,FLOW,Pune,Product Manager,Scrum Master,wp@inntegralads.com,Non R&D,NULL,PMC,NULL,5,5,4,Aditya,2021-09-27T05:52:58Z,Aditya,2021-09-27T05:52:58Z
45,Lucas James,FLOW,Pune,Staff Engineer,Scrum Master,wp@inntegralads.com,R&D,NULL,NULL,NULL,12,12,4,Aditya,2021-09-27T05:52:58Z,Aditya,2021-09-27T05:52:58Z
46,Luis Cassandra,FLOW,Pune,Engineer,Scrum Master,wp@inntegralads.com,R&D,NULL,NULL,NULL,5,4,3,Aditya,2021-09-27T05:52:58Z,Aditya,2021-09-27T05:52:58Z
47,Funsuk Manmohan,FLOW,Pune,Junior Data Scientist,Scrum Master,wp@inntegralads.com,R&D,NULL,NULL,NULL,2,2,6,Aditya,2021-09-27T05:52:58Z,Aditya,2021-09-27T05:52:58Z
48,Rana Medina,FLOW,Pune,Manager,Scrum Master,wp@inntegralads.com,R&D,NULL,Python,NULL,12,12,4,Aditya,2021-09-27T05:52:58Z,Aditya,2021-09-27T05:52:58Z
49,James Koren,FLOW,Pune,Senior Engineer,Scrum Master,wp@inntegralads.com,R&D,NULL,AWS,NULL,7.5,6.5,4,Aditya,2021-09-27T05:52:58Z,Aditya,2021-09-27T05:52:58Z
50,Sakib,Publisher,Pune,Software Engineer,Scrum Master,wp@inntegralads.com,R&D,NULL,NULL,NULL,5.5,5.5,10,Aditya,2021-09-27T05:52:58Z,Aditya,2021-09-27T05:52:58Z
51,Maciej K,Publisher,Pune,Database Engineer,Scrum Master,wp@inntegralads.com,R&D,NULL,SQL,NULL,7.2,6.5,9,Aditya,2021-09-27T05:52:58Z,Aditya,2021-09-27T05:52:58Z
52,Mahil S,Publisher,Pune,Business Intelligence Engineer,Scrum Master,wp@inntegralads.com,R&D,NULL,PowerBI,NULL,6,6,15,Aditya,2021-09-27T05:52:58Z,Aditya,2021-09-27T05:52:58Z
53,Maksim J,Publisher,Pune,System Engineer,Scrum Master,wp@inntegralads.com,R&D,NULL,NULL,NULL,5.2,5.2,5,Aditya,2021-09-27T05:52:58Z,Aditya,2021-09-27T05:52:58Z
54,Mandeep Alhuwalia,Publisher,Pune,Application Security Engineer,Scrum Master,wp@inntegralads.com,R&D,NULL,Azure,NULL,6,6,10,Aditya,2021-09-27T05:52:58Z,Aditya,2021-09-27T05:52:58Z
55,Manjit Kaur,Publisher,Pune,Enginering,Employee,wp@inntegralads.com,R&D,NULL,NULL,NULL,8,6,15,Aditya,2021-09-27T05:52:58Z,Aditya,2021-09-27T05:52:58Z
56,Maria L,Publisher,Pune,Release Engineer,Employee,wp@inntegralads.com,R&D,NULL,NULL,NULL,7,7,5,Aditya,2021-09-27T05:52:58Z,Aditya,2021-09-27T05:52:58Z
57,Mark zuckerberg,Publisher,Pune,Software Engineer ,Employee,wp@inntegralads.com,R&D,NULL,NULL,NULL,4,3,10,Aditya,2021-09-27T05:52:58Z,Aditya,2021-09-27T05:52:58Z
58,Sean Lio,Publisher,Pune,Senior Engineer,Employee,wp@inntegralads.com,R&D,NULL,NULL,NULL,7,7,9,Aditya,2021-09-27T05:52:58Z,Aditya,2021-09-27T05:52:58Z
59,Liana Martin,Tiger Kings,Pune,Associate Engineer,Employee,wp@inntegralads.com,R&D,NULL,NULL,NULL,2,2,5,Aditya,2021-09-27T05:52:58Z,Aditya,2021-09-27T05:52:58Z
60,Mark W,Tiger Kings,Pune,Enginering,Employee,wp@inntegralads.com,R&D,NULL,GCP,NULL,7.5,6.5,8,Aditya,2021-09-27T05:52:58Z,Aditya,2021-09-27T05:52:58Z
61,Cat Lim,Tiger Kings,Pune,Senior Engineer,Employee,wp@inntegralads.com,R&D,NULL,NULL,NULL,5.5,5.5,15,Aditya,2021-09-27T05:52:58Z,Aditya,2021-09-27T05:52:58Z
62,Miiteusz Kim,Tiger Kings,Pune,Software Engineer ,Employee,wp@inntegralads.com,R&D,NULL,NULL,NULL,4,3,5,Aditya,2021-09-27T05:52:58Z,Aditya,2021-09-27T05:52:58Z
63,Walingker Duc,Tiger Kings,Pune,Database Engineer,Employee,wp@inntegralads.com,R&D,NULL,Python,NULL,6,6,4,Aditya,2021-09-27T05:52:58Z,Aditya,2021-09-27T05:52:58Z
64,Duch Greenberg,Tiger Kings,Pune,Business Intelligence Engineer,Manager,wp@inntegralads.com,R&D,NULL,NULL,NULL,8,6,8,Aditya,2021-09-27T05:52:58Z,Aditya,2021-09-27T05:52:58Z
65,Jinah F,Tiger Kings,Pune,Business Intelligence Engineer,Manager,wp@inntegralads.com,R&D,NULL,NULL,NULL,7,7,10,Aditya,2021-09-27T05:52:58Z,Aditya,2021-09-27T05:52:58Z
66,Mick Mackiney,Pathfinders,Pune,Enginering,Manager,wp@inntegralads.com,R&D,NULL,Azure,NULL,4,3,9,Aditya,2021-09-27T05:52:58Z,Aditya,2021-09-27T05:52:58Z
67,Harvy Tolway,Pathfinders,Pune,Senior Engineer,Manager,wp@inntegralads.com,R&D,NULL,NULL,NULL,7.5,6.5,15,Aditya,2021-09-27T05:52:58Z,Aditya,2021-09-27T05:52:58Z
68,Micheal Xocian,Pathfinders,Pune,Enginering,Manager,wp@inntegralads.com,R&D,NULL,NULL,NULL,7.5,6.5,4,Aditya,2021-09-27T05:52:58Z,Aditya,2021-09-27T05:52:58Z
69,Liam Saczyk,Pathfinders,Pune,Business Intelligence Engineer,Manager,wp@inntegralads.com,R&D,NULL,NULL,NULL,5.5,5.5,15,Aditya,2021-09-27T05:52:58Z,Aditya,2021-09-27T05:52:58Z
70,Siguel H,Pathfinders,Pune,Software Engineer,Manager,wp@inntegralads.com,R&D,NULL,NULL,NULL,5.5,5.5,4,Aditya,2021-09-27T05:52:58Z,Aditya,2021-09-27T05:52:58Z
71,Akshay Kumar,Pathfinders,Pune,Senior Engineer,Employee,wp@inntegralads.com,R&D,NULL,Azure,NULL,7,7,4,Aditya,2021-09-27T05:52:58Z,Aditya,2021-09-27T05:52:58Z
72,Mohammed Irfaz,Pathfinders,Pune,Software Engineer,Employee,wp@inntegralads.com,R&D,NULL,NULL,NULL,7.5,7,10,Aditya,2021-09-27T05:52:58Z,Aditya,2021-09-27T05:52:58Z
73,Mohan Govinda,Pathfinders,Pune,Software Engineer,Employee,wp@inntegralads.com,R&D,NULL,NULL,NULL,4,3,5,Aditya,2021-09-27T05:52:58Z,Aditya,2021-09-27T05:52:58Z
74,Rabhan Rahman,Pathfinders,Pune,Manager,Employee,wp@inntegralads.com,R&D,NULL,NULL,NULL,11,11,4,Aditya,2021-09-27T05:52:58Z,Aditya,2021-09-27T05:52:58Z
75,Natalie Turiel,Pathfinders,Pune,Enginering,Employee,wp@inntegralads.com,R&D,NULL,NULL,NULL,8,6,9,Aditya,2021-09-27T05:52:58Z,Aditya,2021-09-27T05:52:58Z
76,Neethi Sarkar,Pathfinders,Pune,Software Engineer,Employee,wp@inntegralads.com,R&D,NULL,Azure,NULL,4,3,9,Aditya,2021-09-27T05:52:58Z,Aditya,2021-09-27T05:52:58Z
77,Siddhesh Kumar,Pathfinders,Pune,Software Engineer,Employee,wp@inntegralads.com,R&D,NULL,NULL,NULL,6,6,15,Aditya,2021-09-27T05:52:58Z,Aditya,2021-09-27T05:52:58Z
78,Mahesh Chavan,Walled Gardens,Pune,Senior Engineer,Employee,wp@inntegralads.com,R&D,NULL,AWS,NULL,6,5,5,Aditya,2021-09-27T05:52:58Z,Aditya,2021-09-27T05:52:58Z
79,Varun Sharma,Walled Gardens,Pune,Database Engineer,Employee,wp@inntegralads.com,R&D,NULL,NULL,NULL,7.5,6.5,12,Aditya,2021-09-27T05:52:58Z,Aditya,2021-09-27T05:52:58Z
80,Priyanka Patil,Walled Gardens,Pune,Business Intelligence Engineer,Employee,wp@inntegralads.com,R&D,NULL,NULL,NULL,5.5,5.5,4,Aditya,2021-09-27T05:52:58Z,Aditya,2021-09-27T05:52:58Z
81,Pooja Shitole,Walled Gardens,Pune,System Engineer,Employee,wp@inntegralads.com,R&D,NULL,NULL,NULL,7.2,6.5,4,Aditya,2021-09-27T05:52:58Z,Aditya,2021-09-27T05:52:58Z
82,Pravin Kumar,Walled Gardens,Pune,Enginering,Employee,wp@inntegralads.com,R&D,NULL,Azure,NULL,7,6,5,Aditya,2021-09-27T05:52:58Z,Aditya,2021-09-27T05:52:58Z
83,Hildon C,Walled Gardens,Pune,Release Engineer,Employee,wp@inntegralads.com,R&D,NULL,NULL,NULL,6,6,8,Aditya,2021-09-27T05:52:58Z,Aditya,2021-09-27T05:52:58Z
84,Deeksha Pant,Walled Gardens,Pune,Manager,Employee,wp@inntegralads.com,R&D,NULL,Python,NULL,12,12,14,Aditya,2021-09-27T05:52:58Z,Aditya,2021-09-27T05:52:58Z
85,Jimmie S,Walled Gardens,Pune,Senior Engineer,Employee,wp@inntegralads.com,R&D,NULL,NULL,NULL,7,7,7,Aditya,2021-09-27T05:52:58Z,Aditya,2021-09-27T05:52:58Z
86,Patrick J,Walled Gardens,Pune,Engineer,Employee,wp@inntegralads.com,R&D,NULL,NULL,NULL,4,3,12,Aditya,2021-09-27T05:52:58Z,Aditya,2021-09-27T05:52:58Z
87,Prabhat Kumar,Walled Garden Platform,Pune,Engineer,Employee,wp@inntegralads.com,R&D,NULL,GCP,NULL,4,3,4,Aditya,2021-09-27T05:52:58Z,Aditya,2021-09-27T05:52:58Z
88,Prashant Sharma,Walled Garden Platform,Pune,Enginering,Employee,wp@inntegralads.com,R&D,NULL,NULL,NULL,6,6,5,Aditya,2021-09-27T05:52:58Z,Aditya,2021-09-27T05:52:58Z
89,Piyush Goyal,Walled Garden Platform,Pune,Senior Engineer,Employee,wp@inntegralads.com,R&D,NULL,NULL,NULL,7,7,5,Aditya,2021-09-27T05:52:58Z,Aditya,2021-09-27T05:52:58Z
90,Charles Beck,Walled Garden Platform,Pune,Manager,Employee,wp@inntegralads.com,R&D,NULL,NULL,NULL,15,13,9,Aditya,2021-09-27T05:52:58Z,Aditya,2021-09-27T05:52:58Z
91,Ray Philip,Programmatic Reporting,Pune,Senior Engineer,Employee,wp@inntegralads.com,R&D,NULL,AWS,NULL,7.5,6.5,10,Aditya,2021-09-27T05:52:58Z,Aditya,2021-09-27T05:52:58Z
92,Kim M,Programmatic Reporting,Pune,Associate Engineer,Employee,wp@inntegralads.com,R&D,NULL,NULL,NULL,2,2,9,Aditya,2021-09-27T05:52:58Z,Aditya,2021-09-27T05:52:58Z
93,Renato F,Programmatic Reporting,Pune,Senior Engineer,Employee,wp@inntegralads.com,R&D,NULL,Azure,NULL,7.5,6.5,15,Aditya,2021-09-27T05:52:58Z,Aditya,2021-09-27T05:52:58Z
94,Rene Lim,Programmatic Reporting,Pune,Associate Engineer,Employee,wp@inntegralads.com,R&D,NULL,NULL,NULL,2,2,4,Aditya,2021-09-27T05:52:58Z,Aditya,2021-09-27T05:52:58Z
95,Rita Kulkarni,Programmatic Reporting,Pune,Enginering,Employee,wp@inntegralads.com,R&D,NULL,Azure,NULL,6,6,5,Aditya,2021-09-27T05:52:58Z,Aditya,2021-09-27T05:52:58Z
96,Robert Federrer ,Programmatic Reporting,Pune,Business Intelligence Engineer,Employee,wp@inntegralads.com,R&D,NULL,NULL,NULL,6,6,9,Aditya,2021-09-27T05:52:58Z,Aditya,2021-09-27T05:52:58Z
97,Ronit Vaz,Programmatic Reporting,Pune,Senior Engineer,Employee,wp@inntegralads.com,R&D,NULL,NULL,NULL,8,6,9,Aditya,2021-09-27T05:52:58Z,Aditya,2021-09-27T05:52:58Z
98,Suyash Kapoor,Programmatic Reporting,Pune,Business Intelligence Engineer,Employee,wp@inntegralads.com,R&D,NULL,NULL,NULL,7,7,5,Aditya,2021-09-27T05:52:58Z,Aditya,2021-09-27T05:52:58Z
99,Samuel Jason,Programmatic Reporting,Pune,Engineer,Employee,wp@inntegralads.com,R&D,NULL,Python,NULL,4,3,9,Aditya,2021-09-27T05:52:58Z,Aditya,2021-09-27T05:52:58Z
100,Palak Patel,Programmatic Reporting,Pune,Senior Engineer,Employee,wp@inntegralads.com,R&D,NULL,AWS,NULL,8,7,9,Aditya,2021-09-27T05:52:58Z,Aditya,2021-09-27T05:52:58Z