e_id,username,pwd,created_by,created_on,last_updated_by,last_updated_on
1,WangPark,password,Aditya,2021-09-27T05:52:58Z,Aditya,2021-09-27T05:52:58Z
2,IanJames,password,Aditya,2021-09-27T05:52:58Z,Aditya,2021-09-27T05:52:58Z
3,JacobSylvia,password,Aditya,2021-09-27T05:52:58Z,Aditya,2021-09-27T05:52:58Z
4,JamesKhanom,password,Aditya,2021-09-27T05:52:58Z,Aditya,2021-09-27T05:52:58Z
5,IsaacNewton,password,Aditya,2021-09-27T05:52:58Z,Aditya,2021-09-27T05:52:58Z
6,HyungWellborn,password,Aditya,2021-09-27T05:52:58Z,Aditya,2021-09-27T05:52:58Z
7,JacobSantorini,password,Aditya,2021-09-27T05:52:58Z,Aditya,2021-09-27T05:52:58Z
8,JanooLavie,password,Aditya,2021-09-27T05:52:58Z,Aditya,2021-09-27T05:52:58Z
9,JacobMallya,password,Aditya,2021-09-27T05:52:58Z,Aditya,2021-09-27T05:52:58Z
10,JamesKylie,password,Aditya,2021-09-27T05:52:58Z,Aditya,2021-09-27T05:52:58Z
11,SonamWangdu,password,Aditya,2021-09-27T05:52:58Z,Aditya,2021-09-27T05:52:58Z
12,JaiMohan,password,Aditya,2021-09-27T05:52:58Z,Aditya,2021-09-27T05:52:58Z
13,JanusNick,password,Aditya,2021-09-27T05:52:58Z,Aditya,2021-09-27T05:52:58Z
14,AbanOsman,password,Aditya,2021-09-27T05:52:58Z,Aditya,2021-09-27T05:52:58Z
15,JamieFeren,password,Aditya,2021-09-27T05:52:58Z,Aditya,2021-09-27T05:52:58Z
16,JavierAfroz,password,Aditya,2021-09-27T05:52:58Z,Aditya,2021-09-27T05:52:58Z
17,JeffAfron,password,Aditya,2021-09-27T05:52:58Z,Aditya,2021-09-27T05:52:58Z
18,JessicaAlba,password,Aditya,2021-09-27T05:52:58Z,Aditya,2021-09-27T05:52:58Z
19,Jerrytom,password,Aditya,2021-09-27T05:52:58Z,Aditya,2021-09-27T05:52:58Z
20,JohnyWalker,password,Aditya,2021-09-27T05:52:58Z,Aditya,2021-09-27T05:52:58Z
21,JohnyRiggs,password,Aditya,2021-09-27T05:52:58Z,Aditya,2021-09-27T05:52:58Z
22,JohnBerlin,password,Aditya,2021-09-27T05:52:58Z,Aditya,2021-09-27T05:52:58Z
23,JohnKendell,password,Aditya,2021-09-27T05:52:58Z,Aditya,2021-09-27T05:52:58Z
24,MelwinEdwards,password,Aditya,2021-09-27T05:52:58Z,Aditya,2021-09-27T05:52:58Z
25,JosephJoshua,password,Aditya,2021-09-27T05:52:58Z,Aditya,2021-09-27T05:52:58Z
26,JosephMonroe,password,Aditya,2021-09-27T05:52:58Z,Aditya,2021-09-27T05:52:58Z
27,JoshRyan,password,Aditya,2021-09-27T05:52:58Z,Aditya,2021-09-27T05:52:58Z
28,JamesBond,password,Aditya,2021-09-27T05:52:58Z,Aditya,2021-09-27T05:52:58Z
29,JoshuaCarlos,password,Aditya,2021-09-27T05:52:58Z,Aditya,2021-09-27T05:52:58Z
30,RahulGandhi,password,Aditya,2021-09-27T05:52:58Z,Aditya,2021-09-27T05:52:58Z
31,MohanMadan,password,Aditya,2021-09-27T05:52:58Z,Aditya,2021-09-27T05:52:58Z
32,JustinBeiber,password,Aditya,2021-09-27T05:52:58Z,Aditya,2021-09-27T05:52:58Z
33,Marykom,password,Aditya,2021-09-27T05:52:58Z,Aditya,2021-09-27T05:52:58Z
34,KareenaKapoor,password,Aditya,2021-09-27T05:52:58Z,Aditya,2021-09-27T05:52:58Z
35,KingKhan,password,Aditya,2021-09-27T05:52:58Z,Aditya,2021-09-27T05:52:58Z
36,KevinPeter,password,Aditya,2021-09-27T05:52:58Z,Aditya,2021-09-27T05:52:58Z
37,ShravanKumari,password,Aditya,2021-09-27T05:52:58Z,Aditya,2021-09-27T05:52:58Z
38,NarayanPoul,password,Aditya,2021-09-27T05:52:58Z,Aditya,2021-09-27T05:52:58Z
39,KrzysztofZarzycki,password,Aditya,2021-09-27T05:52:58Z,Aditya,2021-09-27T05:52:58Z
40,KylePolard,password,Aditya,2021-09-27T05:52:58Z,Aditya,2021-09-27T05:52:58Z
41,LauraKaruna,password,Aditya,2021-09-27T05:52:58Z,Aditya,2021-09-27T05:52:58Z
42,KimYongHung,password,Aditya,2021-09-27T05:52:58Z,Aditya,2021-09-27T05:52:58Z
43,LineCalling,password,Aditya,2021-09-27T05:52:58Z,Aditya,2021-09-27T05:52:58Z
44,PradeepKrishnan,password,Aditya,2021-09-27T05:52:58Z,Aditya,2021-09-27T05:52:58Z
45,LucasJames,password,Aditya,2021-09-27T05:52:58Z,Aditya,2021-09-27T05:52:58Z
46,LuisCassandra,password,Aditya,2021-09-27T05:52:58Z,Aditya,2021-09-27T05:52:58Z
47,FunsukManmohan,password,Aditya,2021-09-27T05:52:58Z,Aditya,2021-09-27T05:52:58Z
48,RanaMedina,password,Aditya,2021-09-27T05:52:58Z,Aditya,2021-09-27T05:52:58Z
49,JamesKoren,password,Aditya,2021-09-27T05:52:58Z,Aditya,2021-09-27T05:52:58Z
50,Sakib,password,Aditya,2021-09-27T05:52:58Z,Aditya,2021-09-27T05:52:58Z
51,MaciejK,password,Aditya,2021-09-27T05:52:58Z,Aditya,2021-09-27T05:52:58Z
52,MahilS,password,Aditya,2021-09-27T05:52:58Z,Aditya,2021-09-27T05:52:58Z
53,MaksimJ,password,Aditya,2021-09-27T05:52:58Z,Aditya,2021-09-27T05:52:58Z
54,MandeepAlhuwalia,password,Aditya,2021-09-27T05:52:58Z,Aditya,2021-09-27T05:52:58Z
55,ManjitKaur,password,Aditya,2021-09-27T05:52:58Z,Aditya,2021-09-27T05:52:58Z
56,MariaL,password,Aditya,2021-09-27T05:52:58Z,Aditya,2021-09-27T05:52:58Z
57,Markzuckerberg,password,Aditya,2021-09-27T05:52:58Z,Aditya,2021-09-27T05:52:58Z
58,SeanLio,password,Aditya,2021-09-27T05:52:58Z,Aditya,2021-09-27T05:52:58Z
59,LianaMartin,password,Aditya,2021-09-27T05:52:58Z,Aditya,2021-09-27T05:52:58Z
60,MarkW,password,Aditya,2021-09-27T05:52:58Z,Aditya,2021-09-27T05:52:58Z
61,CatLim,password,Aditya,2021-09-27T05:52:58Z,Aditya,2021-09-27T05:52:58Z
62,MiiteuszKim,password,Aditya,2021-09-27T05:52:58Z,Aditya,2021-09-27T05:52:58Z
63,WalingkerDuc,password,Aditya,2021-09-27T05:52:58Z,Aditya,2021-09-27T05:52:58Z
64,DuchGreenberg,password,Aditya,2021-09-27T05:52:58Z,Aditya,2021-09-27T05:52:58Z
65,JinahF,password,Aditya,2021-09-27T05:52:58Z,Aditya,2021-09-27T05:52:58Z
66,MickMackiney,password,Aditya,2021-09-27T05:52:58Z,Aditya,2021-09-27T05:52:58Z
67,HarvyTolway,password,Aditya,2021-09-27T05:52:58Z,Aditya,2021-09-27T05:52:58Z
68,MichealXocian,password,Aditya,2021-09-27T05:52:58Z,Aditya,2021-09-27T05:52:58Z
69,LiamSaczyk,password,Aditya,2021-09-27T05:52:58Z,Aditya,2021-09-27T05:52:58Z
70,SiguelH,password,Aditya,2021-09-27T05:52:58Z,Aditya,2021-09-27T05:52:58Z
71,AkshayKumar,password,Aditya,2021-09-27T05:52:58Z,Aditya,2021-09-27T05:52:58Z
72,MohammedIrfaz,password,Aditya,2021-09-27T05:52:58Z,Aditya,2021-09-27T05:52:58Z
73,MohanGovinda,password,Aditya,2021-09-27T05:52:58Z,Aditya,2021-09-27T05:52:58Z
74,RabhanRahman,password,Aditya,2021-09-27T05:52:58Z,Aditya,2021-09-27T05:52:58Z
75,NatalieTuriel,password,Aditya,2021-09-27T05:52:58Z,Aditya,2021-09-27T05:52:58Z
76,NeethiSarkar,password,Aditya,2021-09-27T05:52:58Z,Aditya,2021-09-27T05:52:58Z
77,SiddheshKumar,password,Aditya,2021-09-27T05:52:58Z,Aditya,2021-09-27T05:52:58Z
78,MaheshChavan,password,Aditya,2021-09-27T05:52:58Z,Aditya,2021-09-27T05:52:58Z
79,VarunSharma,password,Aditya,2021-09-27T05:52:58Z,Aditya,2021-09-27T05:52:58Z
80,PriyankaPatil,password,Aditya,2021-09-27T05:52:58Z,Aditya,2021-09-27T05:52:58Z
81,PoojaShitole,password,Aditya,2021-09-27T05:52:58Z,Aditya,2021-09-27T05:52:58Z
82,PravinKumar,password,Aditya,2021-09-27T05:52:58Z,Aditya,2021-09-27T05:52:58Z
83,HildonC,password,Aditya,2021-09-27T05:52:58Z,Aditya,2021-09-27T05:52:58Z
84,DeekshaPant,password,Aditya,2021-09-27T05:52:58Z,Aditya,2021-09-27T05:52:58Z
85,JimmieS,password,Aditya,2021-09-27T05:52:58Z,Aditya,2021-09-27T05:52:58Z
86,PatrickJ,password,Aditya,2021-09-27T05:52:58Z,Aditya,2021-09-27T05:52:58Z
87,PrabhatKumar,password,Aditya,2021-09-27T05:52:58Z,Aditya,2021-09-27T05:52:58Z
88,PrashantSharma,password,Aditya,2021-09-27T05:52:58Z,Aditya,2021-09-27T05:52:58Z
89,PiyushGoyal,password,Aditya,2021-09-27T05:52:58Z,Aditya,2021-09-27T05:52:58Z
90,CharlesBeck,password,Aditya,2021-09-27T05:52:58Z,Aditya,2021-09-27T05:52:58Z
91,RayPhilip,password,Aditya,2021-09-27T05:52:58Z,Aditya,2021-09-27T05:52:58Z
92,KimM,password,Aditya,2021-09-27T05:52:58Z,Aditya,2021-09-27T05:52:58Z
93,RenatoF,password,Aditya,2021-09-27T05:52:58Z,Aditya,2021-09-27T05:52:58Z
94,ReneLim,password,Aditya,2021-09-27T05:52:58Z,Aditya,2021-09-27T05:52:58Z
95,RitaKulkarni,password,Aditya,2021-09-27T05:52:58Z,Aditya,2021-09-27T05:52:58Z
96,RobertFederrer,password,Aditya,2021-09-27T05:52:58Z,Aditya,2021-09-27T05:52:58Z
97,RonitVaz,password,Aditya,2021-09-27T05:52:58Z,Aditya,2021-09-27T05:52:58Z
98,SuyashKapoor,password,Aditya,2021-09-27T05:52:58Z,Aditya,2021-09-27T05:52:58Z
99,SamuelJason,password,Aditya,2021-09-27T05:52:58Z,Aditya,2021-09-27T05:52:58Z
100,PalakPatel,password,Aditya,2021-09-27T05:52:58Z,Aditya,2021-09-27T05:52:58Z
,,,,,,
,,,,,,
,,,,,,
,,,,,,
,,,,,,
,,,,,,
,,,,,,
,,,,,,
,,,,,,
,,,,,,
,,,,,,
,,,,,,
,,,,,,
,,,,,,
,,,,,,
,,,,,,
,,,,,,
,,,,,,
,,,,,,
,,,,,,
,,,,,,
,,,,,,
,,,,,,
,,,,,,
,,,,,,
,,,,,,
,,,,,,
,,,,,,
,,,,,,
,,,,,,
,,,,,,
,,,,,,
,,,,,,
,,,,,,
,,,,,,
,,,,,,
,,,,,,
,,,,,,
,,,,,,
,,,,,,
,,,,,,
,,,,,,
,,,,,,
,,,,,,
,,,,,,
,,,,,,
,,,,,,
,,,,,,
,,,,,,
,,,,,,
,,,,,,
,,,,,,
,,,,,,
,,,,,,
,,,,,,
,,,,,,
,,,,,,
,,,,,,
,,,,,,
,,,,,,
,,,,,,
,,,,,,
,,,,,,
,,,,,,
,,,,,,
,,,,,,
,,,,,,
,,,,,,
,,,,,,
,,,,,,
,,,,,,
,,,,,,
,,,,,,
,,,,,,
,,,,,,
,,,,,,
,,,,,,
,,,,,,
,,,,,,
,,,,,,
,,,,,,
,,,,,,
,,,,,,
,,,,,,
,,,,,,
,,,,,,
,,,,,,
,,,,,,
,,,,,,
,,,,,,
,,,,,,
,,,,,,
,,,,,,
,,,,,,
,,,,,,
,,,,,,
,,,,,,
,,,,,,
,,,,,,
,,,,,,
,,,,,,
,,,,,,
,,,,,,
,,,,,,
,,,,,,
,,,,,,
,,,,,,
,,,,,,
,,,,,,
,,,,,,
,,,,,,
,,,,,,
,,,,,,
,,,,,,
,,,,,,
,,,,,,
,,,,,,
,,,,,,
,,,,,,
,,,,,,
,,,,,,
,,,,,,
,,,,,,
,,,,,,
,,,,,,
,,,,,,
,,,,,,
,,,,,,
,,,,,,
,,,,,,
,,,,,,
,,,,,,
,,,,,,
,,,,,,
,,,,,,
,,,,,,
,,,,,,
,,,,,,
,,,,,,
,,,,,,
,,,,,,
,,,,,,
,,,,,,
,,,,,,
,,,,,,
,,,,,,
,,,,,,
,,,,,,
,,,,,,
,,,,,,
,,,,,,
,,,,,,
,,,,,,
,,,,,,
,,,,,,
,,,,,,
,,,,,,
,,,,,,
,,,,,,
,,,,,,
,,,,,,
,,,,,,
,,,,,,
,,,,,,
,,,,,,
,,,,,,
,,,,,,
,,,,,,
,,,,,,
,,,,,,
,,,,,,
,,,,,,
,,,,,,
,,,,,,
,,,,,,
,,,,,,
,,,,,,
,,,,,,
,,,,,,
,,,,,,
,,,,,,
,,,,,,
,,,,,,
,,,,,,
,,,,,,
,,,,,,
,,,,,,
,,,,,,
,,,,,,
,,,,,,
,,,,,,
,,,,,,
,,,,,,
,,,,,,
,,,,,,
,,,,,,
,,,,,,
,,,,,,
,,,,,,
,,,,,,
,,,,,,
,,,,,,
,,,,,,
,,,,,,
,,,,,,
,,,,,,
,,,,,,
,,,,,,
,,,,,,
,,,,,,
,,,,,,
,,,,,,
,,,,,,
,,,,,,
,,,,,,
,,,,,,
,,,,,,
,,,,,,
,,,,,,
,,,,,,
,,,,,,
,,,,,,
,,,,,,
,,,,,,
,,,,,,
,,,,,,
,,,,,,
,,,,,,
,,,,,,
,,,,,,
,,,,,,
,,,,,,
,,,,,,
,,,,,,
,,,,,,
,,,,,,
,,,,,,
,,,,,,
,,,,,,
,,,,,,
,,,,,,
,,,,,,
,,,,,,
,,,,,,
,,,,,,
,,,,,,
,,,,,,
,,,,,,
,,,,,,
,,,,,,
,,,,,,
,,,,,,
,,,,,,
,,,,,,
,,,,,,
,,,,,,
,,,,,,
,,,,,,
,,,,,,
,,,,,,
,,,,,,
,,,,,,
,,,,,,
,,,,,,
,,,,,,
,,,,,,
,,,,,,
,,,,,,
,,,,,,
,,,,,,
,,,,,,
,,,,,,
,,,,,,
,,,,,,
,,,,,,
,,,,,,
,,,,,,
,,,,,,
,,,,,,
,,,,,,
,,,,,,
,,,,,,
,,,,,,
,,,,,,
,,,,,,
,,,,,,
,,,,,,
,,,,,,
,,,,,,
,,,,,,
,,,,,,
,,,,,,
,,,,,,
,,,,,,
,,,,,,
,,,,,,
,,,,,,
,,,,,,
,,,,,,
,,,,,,
,,,,,,
,,,,,,
,,,,,,
,,,,,,
,,,,,,
,,,,,,
,,,,,,
,,,,,,
,,,,,,
,,,,,,
,,,,,,
,,,,,,
,,,,,,
,,,,,,
,,,,,,
,,,,,,
,,,,,,
,,,,,,
,,,,,,
,,,,,,
,,,,,,
,,,,,,
,,,,,,
,,,,,,
,,,,,,
,,,,,,
,,,,,,
,,,,,,
,,,,,,
,,,,,,
,,,,,,
,,,,,,
,,,,,,
,,,,,,
,,,,,,
,,,,,,
,,,,,,
,,,,,,
,,,,,,
,,,,,,
,,,,,,
,,,,,,
,,,,,,
,,,,,,
,,,,,,
,,,,,,
,,,,,,
,,,,,,
,,,,,,
,,,,,,
,,,,,,
,,,,,,
,,,,,,
,,,,,,
,,,,,,
,,,,,,
,,,,,,
,,,,,,
,,,,,,
,,,,,,
,,,,,,
,,,,,,
,,,,,,
,,,,,,
,,,,,,
,,,,,,
,,,,,,
,,,,,,
,,,,,,
,,,,,,
,,,,,,
,,,,,,
,,,,,,
,,,,,,
,,,,,,
,,,,,,
,,,,,,
,,,,,,
,,,,,,
,,,,,,
,,,,,,
,,,,,,
,,,,,,
,,,,,,
,,,,,,
,,,,,,
,,,,,,
,,,,,,
,,,,,,
,,,,,,
,,,,,,
,,,,,,
,,,,,,
,,,,,,
,,,,,,
,,,,,,
,,,,,,
,,,,,,
,,,,,,
,,,,,,
,,,,,,
,,,,,,
,,,,,,
,,,,,,
,,,,,,
,,,,,,
,,,,,,
,,,,,,
,,,,,,
,,,,,,
,,,,,,
,,,,,,
,,,,,,
,,,,,,
,,,,,,
,,,,,,
,,,,,,
,,,,,,
,,,,,,
,,,,,,
,,,,,,
,,,,,,
,,,,,,
,,,,,,
,,,,,,
,,,,,,
,,,,,,
,,,,,,
,,,,,,
,,,,,,
,,,,,,
,,,,,,
,,,,,,
,,,,,,
,,,,,,
,,,,,,
,,,,,,
,,,,,,
,,,,,,
,,,,,,
,,,,,,
,,,,,,
,,,,,,
,,,,,,
,,,,,,
,,,,,,
,,,,,,
,,,,,,
,,,,,,
,,,,,,
,,,,,,
,,,,,,
,,,,,,
,,,,,,
,,,,,,
,,,,,,
,,,,,,
,,,,,,
,,,,,,
,,,,,,
,,,,,,
,,,,,,
,,,,,,
,,,,,,
,,,,,,
,,,,,,
,,,,,,
,,,,,,
,,,,,,
,,,,,,
,,,,,,
,,,,,,
,,,,,,
,,,,,,
,,,,,,
,,,,,,
,,,,,,
,,,,,,
,,,,,,
,,,,,,
,,,,,,
,,,,,,
,,,,,,
,,,,,,
,,,,,,
,,,,,,
,,,,,,
,,,,,,
,,,,,,
,,,,,,
,,,,,,
,,,,,,
,,,,,,
,,,,,,
,,,,,,
,,,,,,
,,,,,,
,,,,,,
,,,,,,
,,,,,,
,,,,,,
,,,,,,
,,,,,,
,,,,,,
,,,,,,
,,,,,,
,,,,,,
,,,,,,
,,,,,,
,,,,,,
,,,,,,
,,,,,,
,,,,,,
,,,,,,
,,,,,,
,,,,,,
,,,,,,
,,,,,,
,,,,,,
,,,,,,
,,,,,,
,,,,,,
,,,,,,
,,,,,,
,,,,,,
,,,,,,
,,,,,,
,,,,,,
,,,,,,
,,,,,,
,,,,,,
,,,,,,
,,,,,,
,,,,,,
,,,,,,
,,,,,,
,,,,,,
,,,,,,
,,,,,,
,,,,,,
,,,,,,
,,,,,,
,,,,,,
,,,,,,
,,,,,,
,,,,,,
,,,,,,
,,,,,,
,,,,,,
,,,,,,
,,,,,,
,,,,,,
,,,,,,
,,,,,,
,,,,,,
,,,,,,
,,,,,,
,,,,,,
,,,,,,
,,,,,,
,,,,,,
,,,,,,
,,,,,,
,,,,,,
,,,,,,
,,,,,,
,,,,,,
,,,,,,
,,,,,,
,,,,,,
,,,,,,
,,,,,,
,,,,,,
,,,,,,
,,,,,,
,,,,,,
,,,,,,
,,,,,,
,,,,,,
,,,,,,
,,,,,,
,,,,,,
,,,,,,
,,,,,,
,,,,,,
,,,,,,
,,,,,,
,,,,,,
,,,,,,
,,,,,,
,,,,,,
,,,,,,
,,,,,,
,,,,,,
,,,,,,
,,,,,,
,,,,,,
,,,,,,
,,,,,,
,,,,,,
,,,,,,
,,,,,,
,,,,,,
,,,,,,
,,,,,,
,,,,,,
,,,,,,
,,,,,,
,,,,,,
,,,,,,
,,,,,,
,,,,,,
,,,,,,
,,,,,,
,,,,,,
,,,,,,
,,,,,,
,,,,,,
,,,,,,
,,,,,,
,,,,,,
,,,,,,
,,,,,,
,,,,,,
,,,,,,
,,,,,,
,,,,,,
,,,,,,
,,,,,,
,,,,,,
,,,,,,
,,,,,,
,,,,,,
,,,,,,
,,,,,,
,,,,,,
,,,,,,
,,,,,,
,,,,,,
,,,,,,
,,,,,,
,,,,,,
,,,,,,
,,,,,,
,,,,,,
,,,,,,
,,,,,,
,,,,,,
,,,,,,
,,,,,,
,,,,,,
,,,,,,
,,,,,,
,,,,,,
,,,,,,
,,,,,,
,,,,,,
,,,,,,
,,,,,,
,,,,,,
,,,,,,
,,,,,,
,,,,,,
,,,,,,
,,,,,,
,,,,,,
,,,,,,
,,,,,,
,,,,,,
,,,,,,
,,,,,,
,,,,,,
,,,,,,
,,,,,,
,,,,,,
,,,,,,
,,,,,,
,,,,,,
,,,,,,
,,,,,,
,,,,,,
,,,,,,
,,,,,,
,,,,,,
,,,,,,
,,,,,,
,,,,,,
,,,,,,
,,,,,,
,,,,,,
,,,,,,
,,,,,,
,,,,,,
,,,,,,
,,,,,,
,,,,,,
,,,,,,
,,,,,,
,,,,,,
,,,,,,
,,,,,,
,,,,,,
,,,,,,
,,,,,,
,,,,,,
,,,,,,
,,,,,,
,,,,,,
,,,,,,
,,,,,,
,,,,,,
,,,,,,
,,,,,,
,,,,,,
,,,,,,
,,,,,,
,,,,,,
,,,,,,
,,,,,,
,,,,,,
,,,,,,
,,,,,,
,,,,,,
,,,,,,
,,,,,,
,,,,,,
,,,,,,
,,,,,,
,,,,,,
,,,,,,
,,,,,,
,,,,,,
,,,,,,
,,,,,,
,,,,,,
,,,,,,
,,,,,,
,,,,,,
,,,,,,
,,,,,,
,,,,,,
,,,,,,
,,,,,,
,,,,,,
,,,,,,
,,,,,,
,,,,,,
,,,,,,
,,,,,,
,,,,,,
,,,,,,
,,,,,,
,,,,,,
,,,,,,
,,,,,,
,,,,,,
,,,,,,
,,,,,,
,,,,,,
,,,,,,
,,,,,,
,,,,,,
,,,,,,
,,,,,,
,,,,,,
,,,,,,
,,,,,,
,,,,,,
,,,,,,
,,,,,,
,,,,,,
,,,,,,
,,,,,,
,,,,,,
,,,,,,
,,,,,,
,,,,,,
,,,,,,
,,,,,,
,,,,,,
,,,,,,
,,,,,,
,,,,,,
,,,,,,
,,,,,,
,,,,,,
,,,,,,
,,,,,,
,,,,,,
,,,,,,
,,,,,,
,,,,,,
,,,,,,
,,,,,,
,,,,,,
,,,,,,
,,,,,,
,,,,,,
,,,,,,
,,,,,,
,,,,,,
,,,,,,
,,,,,,
,,,,,,
,,,,,,
,,,,,,
,,,,,,
,,,,,,
,,,,,,
,,,,,,
,,,,,,
,,,,,,
,,,,,,
,,,,,,
,,,,,,
,,,,,,
,,,,,,
,,,,,,
,,,,,,
,,,,,,
,,,,,,
,,,,,,
,,,,,,
,,,,,,
,,,,,,
,,,,,,
,,,,,,
,,,,,,
,,,,,,
,,,,,,
,,,,,,
,,,,,,
,,,,,,
,,,,,,
,,,,,,
,,,,,,
,,,,,,
,,,,,,
,,,,,,
,,,,,,
,,,,,,
,,,,,,
,,,,,,
,,,,,,
,,,,,,
,,,,,,
,,,,,,
,,,,,,
,,,,,,
,,,,,,
,,,,,,
,,,,,,
,,,,,,
,,,,,,
,,,,,,
,,,,,,
,,,,,,
,,,,,,
,,,,,,
,,,,,,
,,,,,,
,,,,,,
,,,,,,
,,,,,,
,,,,,,
,,,,,,
,,,,,,
,,,,,,
,,,,,,
,,,,,,
,,,,,,
,,,,,,
,,,,,,
,,,,,,
,,,,,,
,,,,,,
,,,,,,
,,,,,,
,,,,,,
,,,,,,
,,,,,,
,,,,,,
,,,,,,
,,,,,,
,,,,,,
,,,,,,
,,,,,,
,,,,,,
,,,,,,
,,,,,,
,,,,,,
,,,,,,
,,,,,,
,,,,,,
,,,,,,
,,,,,,
,,,,,,
,,,,,,
,,,,,,