Sr No.,Team_name,Manager_name,Product_owner,vertical_name,chapter_name,created_by,created_on,last_updated_by,last_updated_on,,,Team_name
1,V-Money,John Kendell,NULL,NULL,NULL,aditya,2021-09-27T05:52:58Z,titiksha,2021-09-27T05:52:58Z,,,V-Money
2,Brand Safety & Suitability,Rabhan Rahman,NULL,NULL,NULL,aditya,2021-09-27T05:52:58Z,titiksha,2021-09-27T05:52:58Z,,,Brand Safety & Suitability
3,V-Money,John Kendell,NULL,NULL,NULL,aditya,2021-09-27T05:52:58Z,titiksha,2021-09-27T05:52:58Z,,,V-Money
4,V-Money,John Kendell,NULL,NULL,NULL,aditya,2021-09-27T05:52:58Z,titiksha,2021-09-27T05:52:58Z,,,V-Money
5,Fraud,Rabhan Rahman,NULL,NULL,NULL,aditya,2021-09-27T05:52:58Z,titiksha,2021-09-27T05:52:58Z,,,Fraud
6,FLOW,Deeksha Pant,NULL,NULL,NULL,aditya,2021-09-27T05:52:58Z,titiksha,2021-09-27T05:52:58Z,,,FLOW
7,Tiger Kings,Charles Beck,NULL,NULL,NULL,aditya,2021-09-27T05:52:58Z,titiksha,2021-09-27T05:52:58Z,,,Tiger Kings
8,Pathfinders,Jai Mohan,NULL,NULL,NULL,aditya,2021-09-27T05:52:58Z,titiksha,2021-09-27T05:52:58Z,,,Pathfinders
9,V-Money,Rabhan Rahman,NULL,NULL,NULL,aditya,2021-09-27T05:52:58Z,titiksha,2021-09-27T05:52:58Z,,,V-Money
10,Walled Gardens,Charles Beck,NULL,NULL,NULL,aditya,2021-09-27T05:52:58Z,titiksha,2021-09-27T05:52:58Z,,,Walled Gardens
11,V-Money,Rabhan Rahman,NULL,NULL,NULL,aditya,2021-09-27T05:52:58Z,titiksha,2021-09-27T05:52:58Z,,,V-Money
12,Programmatic Reposrting,CTO,NULL,NULL,NULL,aditya,2021-09-27T05:52:58Z,titiksha,2021-09-27T05:52:58Z,,,Programmatic Reposrting
13,Publisher,Charles Beck,NULL,NULL,NULL,aditya,2021-09-27T05:52:58Z,titiksha,2021-09-27T05:52:58Z,,,Publisher
14,Brand Safety & Suitability,Rabhan Rahman,NULL,NULL,NULL,aditya,2021-09-27T05:52:58Z,titiksha,2021-09-27T05:52:58Z,,,Brand Safety & Suitability
15,Pathfinders,Jai Mohan,NULL,NULL,NULL,aditya,2021-09-27T05:52:58Z,titiksha,2021-09-27T05:52:58Z,,,Pathfinders
16,Walled Gardens,Charles Beck,NULL,NULL,NULL,aditya,2021-09-27T05:52:58Z,titiksha,2021-09-27T05:52:58Z,,,Walled Gardens
17,Pathfinders,Jai Mohan,NULL,NULL,NULL,aditya,2021-09-27T05:52:58Z,titiksha,2021-09-27T05:52:58Z,,,Pathfinders
18,Publisher,Charles Beck,NULL,NULL,NULL,aditya,2021-09-27T05:52:58Z,titiksha,2021-09-27T05:52:58Z,,,Publisher
19,Publisher,Charles Beck,NULL,NULL,NULL,aditya,2021-09-27T05:52:58Z,titiksha,2021-09-27T05:52:58Z,,,Publisher
20,Publisher,Charles Beck,NULL,NULL,NULL,aditya,2021-09-27T05:52:58Z,titiksha,2021-09-27T05:52:58Z,,,Publisher
21,Walled Gardens,Charles Beck,NULL,NULL,NULL,aditya,2021-09-27T05:52:58Z,titiksha,2021-09-27T05:52:58Z,,,Walled Gardens
22,Walled Garden Platform,Deeksha Pant,NULL,NULL,NULL,aditya,2021-09-27T05:52:58Z,titiksha,2021-09-27T05:52:58Z,,,Walled Garden Platform
23,Tiger Kings,James Khanom,NULL,NULL,NULL,aditya,2021-09-27T05:52:58Z,titiksha,2021-09-27T05:52:58Z,,,Tiger Kings
24,Publisher,Charles Beck,NULL,NULL,NULL,aditya,2021-09-27T05:52:58Z,titiksha,2021-09-27T05:52:58Z,,,Publisher
25,Walled Gardens,Charles Beck,NULL,NULL,NULL,aditya,2021-09-27T05:52:58Z,titiksha,2021-09-27T05:52:58Z,,,Walled Gardens
26,Pathfinders,Jai Mohan,NULL,NULL,NULL,aditya,2021-09-27T05:52:58Z,titiksha,2021-09-27T05:52:58Z,,,Pathfinders
27,Programmatic Reposrting,Rabhan Rahman,NULL,NULL,NULL,aditya,2021-09-27T05:52:58Z,titiksha,2021-09-27T05:52:58Z,,,Programmatic Reposrting
28,Walled Garden Platform,Deeksha Pant,NULL,NULL,NULL,aditya,2021-09-27T05:52:58Z,titiksha,2021-09-27T05:52:58Z,,,Walled Garden Platform
29,Programmatic Reposrting,Rabhan Rahman,NULL,NULL,NULL,aditya,2021-09-27T05:52:58Z,titiksha,2021-09-27T05:52:58Z,,,Programmatic Reposrting
30,Tiger Kings,James Khanom,NULL,NULL,NULL,aditya,2021-09-27T05:52:58Z,titiksha,2021-09-27T05:52:58Z,,,Tiger Kings
31,Programmatic Reposrting,Rabhan Rahman,NULL,NULL,NULL,aditya,2021-09-27T05:52:58Z,titiksha,2021-09-27T05:52:58Z,,,Programmatic Reposrting
32,Programmatic Reposrting,Rabhan Rahman,NULL,NULL,NULL,aditya,2021-09-27T05:52:58Z,titiksha,2021-09-27T05:52:58Z,,,Programmatic Reposrting
33,Walled Gardens,Charles Beck,NULL,NULL,NULL,aditya,2021-09-27T05:52:58Z,titiksha,2021-09-27T05:52:58Z,,,Walled Gardens
34,Walled Garden Platform,Deeksha Pant,NULL,NULL,NULL,aditya,2021-09-27T05:52:58Z,titiksha,2021-09-27T05:52:58Z,,,Walled Garden Platform
35,Programmatic Reposrting,Rabhan Rahman,NULL,NULL,NULL,aditya,2021-09-27T05:52:58Z,titiksha,2021-09-27T05:52:58Z,,,Programmatic Reposrting
36,Programmatic Reposrting,Rabhan Rahman,NULL,NULL,NULL,aditya,2021-09-27T05:52:58Z,titiksha,2021-09-27T05:52:58Z,,,Programmatic Reposrting
37,Programmatic Reposrting,Rabhan Rahman,NULL,NULL,NULL,aditya,2021-09-27T05:52:58Z,titiksha,2021-09-27T05:52:58Z,,,Programmatic Reposrting
38,Tiger Kings,James Khanom,NULL,NULL,NULL,aditya,2021-09-27T05:52:58Z,titiksha,2021-09-27T05:52:58Z,,,Tiger Kings
39,Pathfinders,Jai Mohan,NULL,NULL,NULL,aditya,2021-09-27T05:52:58Z,titiksha,2021-09-27T05:52:58Z,,,Pathfinders
40,Pathfinders,Jai Mohan,NULL,NULL,NULL,aditya,2021-09-27T05:52:58Z,titiksha,2021-09-27T05:52:58Z,,,Pathfinders
41,Pathfinders,Jai Mohan,NULL,NULL,NULL,aditya,2021-09-27T05:52:58Z,titiksha,2021-09-27T05:52:58Z,,,Pathfinders
42,Tiger Kings,James Khanom,NULL,NULL,NULL,aditya,2021-09-27T05:52:58Z,titiksha,2021-09-27T05:52:58Z,,,Tiger Kings
43,Pathfinders,Jai Mohan,NULL,NULL,NULL,aditya,2021-09-27T05:52:58Z,titiksha,2021-09-27T05:52:58Z,,,Pathfinders
44,Pathfinders,Jai Mohan,NULL,NULL,NULL,aditya,2021-09-27T05:52:58Z,titiksha,2021-09-27T05:52:58Z,,,Pathfinders
45,Programmatic Reposrting,Rabhan Rahman,NULL,NULL,NULL,aditya,2021-09-27T05:52:58Z,titiksha,2021-09-27T05:52:58Z,,,Programmatic Reposrting
46,Programmatic Reposrting,Rabhan Rahman,NULL,NULL,NULL,aditya,2021-09-27T05:52:58Z,titiksha,2021-09-27T05:52:58Z,,,Programmatic Reposrting
47,Programmatic Reposrting,Rabhan Rahman,NULL,NULL,NULL,aditya,2021-09-27T05:52:58Z,titiksha,2021-09-27T05:52:58Z,,,Programmatic Reposrting
48,Publisher,CTO,NULL,NULL,NULL,aditya,2021-09-27T05:52:58Z,titiksha,2021-09-27T05:52:58Z,,,Publisher
49,Publisher,Charles Beck,NULL,NULL,NULL,aditya,2021-09-27T05:52:58Z,titiksha,2021-09-27T05:52:58Z,,,Publisher
50,Walled Garden Platform,Deeksha Pant,NULL,NULL,NULL,aditya,2021-09-27T05:52:58Z,titiksha,2021-09-27T05:52:58Z,,,Walled Garden Platform
51,Publisher,Charles Beck,NULL,NULL,NULL,aditya,2021-09-27T05:52:58Z,titiksha,2021-09-27T05:52:58Z,,,Publisher
52,Publisher,Charles Beck,NULL,NULL,NULL,aditya,2021-09-27T05:52:58Z,titiksha,2021-09-27T05:52:58Z,,,Publisher
53,Tiger Kings,James Khanom,NULL,NULL,NULL,aditya,2021-09-27T05:52:58Z,titiksha,2021-09-27T05:52:58Z,,,Tiger Kings
54,Walled Gardens,Charles Beck,NULL,NULL,NULL,aditya,2021-09-27T05:52:58Z,titiksha,2021-09-27T05:52:58Z,,,Walled Gardens
55,Brand Safety & Suitability,Rabhan Rahman,NULL,NULL,NULL,aditya,2021-09-27T05:52:58Z,titiksha,2021-09-27T05:52:58Z,,,Brand Safety & Suitability
56,Pathfinders,Jai Mohan,NULL,NULL,NULL,aditya,2021-09-27T05:52:58Z,titiksha,2021-09-27T05:52:58Z,,,Pathfinders
57,Pathfinders,Jai Mohan,NULL,NULL,NULL,aditya,2021-09-27T05:52:58Z,titiksha,2021-09-27T05:52:58Z,,,Pathfinders
58,Pathfinders,Jai Mohan,NULL,NULL,NULL,aditya,2021-09-27T05:52:58Z,titiksha,2021-09-27T05:52:58Z,,,Pathfinders
59,Pathfinders,Jai Mohan,NULL,NULL,NULL,aditya,2021-09-27T05:52:58Z,titiksha,2021-09-27T05:52:58Z,,,Pathfinders
60,Tiger Kings,James Khanom,NULL,NULL,NULL,aditya,2021-09-27T05:52:58Z,titiksha,2021-09-27T05:52:58Z,,,Tiger Kings
61,Pathfinders,Jai Mohan,NULL,NULL,NULL,aditya,2021-09-27T05:52:58Z,titiksha,2021-09-27T05:52:58Z,,,Pathfinders
62,Pathfinders,Jai Mohan,NULL,NULL,NULL,aditya,2021-09-27T05:52:58Z,titiksha,2021-09-27T05:52:58Z,,,Pathfinders
63,Walled Garden Platform,Deeksha Pant,NULL,NULL,NULL,aditya,2021-09-27T05:52:58Z,titiksha,2021-09-27T05:52:58Z,,,Walled Garden Platform
64,Fraud,James Khanom,NULL,NULL,NULL,aditya,2021-09-27T05:52:58Z,titiksha,2021-09-27T05:52:58Z,,,Fraud
65,Brand Safety & Suitability,Rabhan Rahman,NULL,NULL,NULL,aditya,2021-09-27T05:52:58Z,titiksha,2021-09-27T05:52:58Z,,,Brand Safety & Suitability
66,Walled Garden Platform,Deeksha Pant,NULL,NULL,NULL,aditya,2021-09-27T05:52:58Z,titiksha,2021-09-27T05:52:58Z,,,Walled Garden Platform
67,Brand Safety & Suitability,Rabhan Rahman,NULL,NULL,NULL,aditya,2021-09-27T05:52:58Z,titiksha,2021-09-27T05:52:58Z,,,Brand Safety & Suitability
68,Brand Safety & Suitability,Rabhan Rahman,NULL,NULL,NULL,aditya,2021-09-27T05:52:58Z,titiksha,2021-09-27T05:52:58Z,,,Brand Safety & Suitability
69,Brand Safety & Suitability,Rabhan Rahman,NULL,NULL,NULL,aditya,2021-09-27T05:52:58Z,titiksha,2021-09-27T05:52:58Z,,,Brand Safety & Suitability
70,Fraud,James Khanom,NULL,NULL,NULL,aditya,2021-09-27T05:52:58Z,titiksha,2021-09-27T05:52:58Z,,,Fraud
71,Fraud,James Khanom,NULL,NULL,NULL,aditya,2021-09-27T05:52:58Z,titiksha,2021-09-27T05:52:58Z,,,Fraud
72,Walled Gardens,Charles Beck,NULL,NULL,NULL,aditya,2021-09-27T05:52:58Z,titiksha,2021-09-27T05:52:58Z,,,Walled Gardens
73,Fraud,James Khanom,NULL,NULL,NULL,aditya,2021-09-27T05:52:58Z,titiksha,2021-09-27T05:52:58Z,,,Fraud
74,Tiger Kings,CTO,NULL,NULL,NULL,aditya,2021-09-27T05:52:58Z,titiksha,2021-09-27T05:52:58Z,,,Tiger Kings
75,Fraud,James Khanom,NULL,NULL,NULL,aditya,2021-09-27T05:52:58Z,titiksha,2021-09-27T05:52:58Z,,,Fraud
76,Fraud,James Khanom,NULL,NULL,NULL,aditya,2021-09-27T05:52:58Z,titiksha,2021-09-27T05:52:58Z,,,Fraud
77,FLOW,Deeksha Pant,NULL,NULL,NULL,aditya,2021-09-27T05:52:58Z,titiksha,2021-09-27T05:52:58Z,,,FLOW
78,Fraud,James Khanom,NULL,NULL,NULL,aditya,2021-09-27T05:52:58Z,titiksha,2021-09-27T05:52:58Z,,,Fraud
79,V-Money,John Kendell,NULL,NULL,NULL,aditya,2021-09-27T05:52:58Z,titiksha,2021-09-27T05:52:58Z,,,V-Money
80,V-Money,John Kendell,NULL,NULL,NULL,aditya,2021-09-27T05:52:58Z,titiksha,2021-09-27T05:52:58Z,,,V-Money
81,V-Money,John Kendell,NULL,NULL,NULL,aditya,2021-09-27T05:52:58Z,titiksha,2021-09-27T05:52:58Z,,,V-Money
82,V-Money,John Kendell,NULL,NULL,NULL,aditya,2021-09-27T05:52:58Z,titiksha,2021-09-27T05:52:58Z,,,V-Money
83,V-Money,John Kendell,NULL,NULL,NULL,aditya,2021-09-27T05:52:58Z,titiksha,2021-09-27T05:52:58Z,,,V-Money
84,Pathfinders,CTO,NULL,NULL,NULL,aditya,2021-09-27T05:52:58Z,titiksha,2021-09-27T05:52:58Z,,,Pathfinders
85,Tiger Kings,James Khanom,NULL,NULL,NULL,aditya,2021-09-27T05:52:58Z,titiksha,2021-09-27T05:52:58Z,,,Tiger Kings
86,Publisher,Charles Beck,NULL,NULL,NULL,aditya,2021-09-27T05:52:58Z,titiksha,2021-09-27T05:52:58Z,,,Publisher
87,Publisher,Charles Beck,NULL,NULL,NULL,aditya,2021-09-27T05:52:58Z,titiksha,2021-09-27T05:52:58Z,,,Publisher
88,FLOW,Deeksha Pant,NULL,NULL,NULL,aditya,2021-09-27T05:52:58Z,titiksha,2021-09-27T05:52:58Z,,,FLOW
89,Publisher,Charles Beck,NULL,NULL,NULL,aditya,2021-09-27T05:52:58Z,titiksha,2021-09-27T05:52:58Z,,,Publisher
90,Publisher,CTO,NULL,NULL,NULL,aditya,2021-09-27T05:52:58Z,titiksha,2021-09-27T05:52:58Z,,,Publisher
91,Publisher,Charles Beck,NULL,NULL,NULL,aditya,2021-09-27T05:52:58Z,titiksha,2021-09-27T05:52:58Z,,,Publisher
92,Walled Gardens,Charles Beck,NULL,NULL,NULL,aditya,2021-09-27T05:52:58Z,titiksha,2021-09-27T05:52:58Z,,,Walled Gardens
93,Publisher,Charles Beck,NULL,NULL,NULL,aditya,2021-09-27T05:52:58Z,titiksha,2021-09-27T05:52:58Z,,,Publisher
94,FLOW,Deeksha Pant,NULL,NULL,NULL,aditya,2021-09-27T05:52:58Z,titiksha,2021-09-27T05:52:58Z,,,FLOW
95,Publisher,Charles Beck,NULL,NULL,NULL,aditya,2021-09-27T05:52:58Z,titiksha,2021-09-27T05:52:58Z,,,Publisher
96,Publisher,Charles Beck,NULL,NULL,NULL,aditya,2021-09-27T05:52:58Z,titiksha,2021-09-27T05:52:58Z,,,Publisher
97,Tiger Kings,James Khanom,NULL,NULL,NULL,aditya,2021-09-27T05:52:58Z,titiksha,2021-09-27T05:52:58Z,,,Tiger Kings
98,V-Money,John Kendell,NULL,NULL,NULL,aditya,2021-09-27T05:52:58Z,titiksha,2021-09-27T05:52:58Z,,,V-Money
99,V-Money,John Kendell,NULL,NULL,NULL,aditya,2021-09-27T05:52:58Z,titiksha,2021-09-27T05:52:58Z,,,V-Money
100,FLOW,Deeksha Pant,NULL,NULL,NULL,aditya,2021-09-27T05:52:58Z,titiksha,2021-09-27T05:52:58Z,,,FLOW