e_id,user_name,location,designation,role,created_by,created_on,last_updated_by,last_updated_on
1,Wang Park,Pune,Senior Engineer,NULL,Aditya,2021-09-27T05:52:58Z,Aditya,2021-09-27T05:52:58Z
2,Ian James,Pune,Associate Engineer,NULL,Aditya,2021-09-27T05:52:58Z,Aditya,2021-09-27T05:52:58Z
3,Jacob Sylvia,Pune,Staff Engineer,NULL,Aditya,2021-09-27T05:52:58Z,Aditya,2021-09-27T05:52:58Z
4,James Khanom,Pune,Manager,NULL,Aditya,2021-09-27T05:52:58Z,Aditya,2021-09-27T05:52:58Z
5,Isaac Newton,Pune,Product Manager,NULL,Aditya,2021-09-27T05:52:58Z,Aditya,2021-09-27T05:52:58Z
6,Hyung Wellborn,Pune,Senior Engineer,NULL,Aditya,2021-09-27T05:52:58Z,Aditya,2021-09-27T05:52:58Z
7,Jacob Santorini,Pune,Technical Client Service Associate,NULL,Aditya,2021-09-27T05:52:58Z,Aditya,2021-09-27T05:52:58Z
8,Janoo Lavie,Pune,Senior Engineer,NULL,Aditya,2021-09-27T05:52:58Z,Aditya,2021-09-27T05:52:58Z
9,Jacob Mallya,Pune,Senior Data Scientist,NULL,Aditya,2021-09-27T05:52:58Z,Aditya,2021-09-27T05:52:58Z
10,James Kylie,Pune,Senior Product Manager,NULL,Aditya,2021-09-27T05:52:58Z,Aditya,2021-09-27T05:52:58Z
11,Sonam Wangdu,Pune,Junior Data Scientist,NULL,Aditya,2021-09-27T05:52:58Z,Aditya,2021-09-27T05:52:58Z
12,Jai Mohan,Pune,Manager,NULL,Aditya,2021-09-27T05:52:58Z,Aditya,2021-09-27T05:52:58Z
13,Janus Nick,Pune,Senior Engineer,NULL,Aditya,2021-09-27T05:52:58Z,Aditya,2021-09-27T05:52:58Z
14,Aban Osman,Pune,Senior Engineer,NULL,Aditya,2021-09-27T05:52:58Z,Aditya,2021-09-27T05:52:58Z
15,Jamie Feren,Pune,Staff Engineer,NULL,Aditya,2021-09-27T05:52:58Z,Aditya,2021-09-27T05:52:58Z
16,Javier Afroz,Pune,Senior Engineer,NULL,Aditya,2021-09-27T05:52:58Z,Aditya,2021-09-27T05:52:58Z
17,Jeff Afron,Pune,Senior Engineer,NULL,Aditya,2021-09-27T05:52:58Z,Aditya,2021-09-27T05:52:58Z
18,Jessica Alba,Pune,Staff Engineer,NULL,Aditya,2021-09-27T05:52:58Z,Aditya,2021-09-27T05:52:58Z
19,Jerry tom,Pune,Engineer,NULL,Aditya,2021-09-27T05:52:58Z,Aditya,2021-09-27T05:52:58Z
20,Johny Walker,Pune,Staff Engineer,NULL,Aditya,2021-09-27T05:52:58Z,Aditya,2021-09-27T05:52:58Z
21,Johny Riggs,Pune,Junior Data Scientist,NULL,Aditya,2021-09-27T05:52:58Z,Aditya,2021-09-27T05:52:58Z
22,John Berlin,Pune,Senior Engineer,NULL,Aditya,2021-09-27T05:52:58Z,Aditya,2021-09-27T05:52:58Z
23,John Kendell,Pune,Senior Manager,NULL,Aditya,2021-09-27T05:52:58Z,Aditya,2021-09-27T05:52:58Z
24,Melwin Edwards,Pune,Senior Engineer,NULL,Aditya,2021-09-27T05:52:58Z,Aditya,2021-09-27T05:52:58Z
25,Joseph Joshua,Pune,Senior Engineer,NULL,Aditya,2021-09-27T05:52:58Z,Aditya,2021-09-27T05:52:58Z
26,Joseph Monroe,Pune,Technical Client Service Associate,NULL,Aditya,2021-09-27T05:52:58Z,Aditya,2021-09-27T05:52:58Z
27,Josh Ryan,Pune,Associate Engineer,NULL,Aditya,2021-09-27T05:52:58Z,Aditya,2021-09-27T05:52:58Z
28,James Bond,Pune,Data Scientist,NULL,Aditya,2021-09-27T05:52:58Z,Aditya,2021-09-27T05:52:58Z
29,Joshua Carlos,Pune,Senior Engineer,NULL,Aditya,2021-09-27T05:52:58Z,Aditya,2021-09-27T05:52:58Z
30,Rahul Gandhi,Pune,Senior Client Service Associate,NULL,Aditya,2021-09-27T05:52:58Z,Aditya,2021-09-27T05:52:58Z
31,Mohan Madan,Pune,Senior Engineer,NULL,Aditya,2021-09-27T05:52:58Z,Aditya,2021-09-27T05:52:58Z
32,Justin Beiber,Pune, Engineer,NULL,Aditya,2021-09-27T05:52:58Z,Aditya,2021-09-27T05:52:58Z
33,Mary kom,Pune,Senior Data Scientist,NULL,Aditya,2021-09-27T05:52:58Z,Aditya,2021-09-27T05:52:58Z
34,Kareena Kapoor,Pune,Associate Engineer,NULL,Aditya,2021-09-27T05:52:58Z,Aditya,2021-09-27T05:52:58Z
35,King Khan,Pune,Associate Engineer,NULL,Aditya,2021-09-27T05:52:58Z,Aditya,2021-09-27T05:52:58Z
36,Kevin Peter,Pune,Associate Engineer,NULL,Aditya,2021-09-27T05:52:58Z,Aditya,2021-09-27T05:52:58Z
37,Shravan Kumari,Pune,Technical Client Service Associate,NULL,Aditya,2021-09-27T05:52:58Z,Aditya,2021-09-27T05:52:58Z
38,Narayan Poul,Pune,Senior Engineer,NULL,Aditya,2021-09-27T05:52:58Z,Aditya,2021-09-27T05:52:58Z
39,Krzysztof Zarzycki,Pune,Senior Data Scientist,NULL,Aditya,2021-09-27T05:52:58Z,Aditya,2021-09-27T05:52:58Z
40,Kyle Polard,Pune,Staff Engineer,NULL,Aditya,2021-09-27T05:52:58Z,Aditya,2021-09-27T05:52:58Z
41,Laura Karuna,Pune,Senior Engineer,NULL,Aditya,2021-09-27T05:52:58Z,Aditya,2021-09-27T05:52:58Z
42,Kim Yong Hung,Pune,Data Scientist,NULL,Aditya,2021-09-27T05:52:58Z,Aditya,2021-09-27T05:52:58Z
43,Line Calling,Pune,Associate Engineer,NULL,Aditya,2021-09-27T05:52:58Z,Aditya,2021-09-27T05:52:58Z
44,Pradeep Krishnan,Pune,Product Manager,NULL,Aditya,2021-09-27T05:52:58Z,Aditya,2021-09-27T05:52:58Z
45,Lucas James,Pune,Staff Engineer,NULL,Aditya,2021-09-27T05:52:58Z,Aditya,2021-09-27T05:52:58Z
46,Luis Cassandra,Pune,Engineer,NULL,Aditya,2021-09-27T05:52:58Z,Aditya,2021-09-27T05:52:58Z
47,Funsuk Manmohan,Pune,Junior Data Scientist,NULL,Aditya,2021-09-27T05:52:58Z,Aditya,2021-09-27T05:52:58Z
48,Rana Medina,Pune,Manager,NULL,Aditya,2021-09-27T05:52:58Z,Aditya,2021-09-27T05:52:58Z
49,James Koren,Pune,Senior Engineer,NULL,Aditya,2021-09-27T05:52:58Z,Aditya,2021-09-27T05:52:58Z
50,Sakib,Pune,Software Engineer,NULL,Aditya,2021-09-27T05:52:58Z,Aditya,2021-09-27T05:52:58Z
51,Maciej K,Pune,Database Engineer,NULL,Aditya,2021-09-27T05:52:58Z,Aditya,2021-09-27T05:52:58Z
52,Mahil S,Pune,Business Intelligence Engineer,NULL,Aditya,2021-09-27T05:52:58Z,Aditya,2021-09-27T05:52:58Z
53,Maksim J,Pune,System Engineer,NULL,Aditya,2021-09-27T05:52:58Z,Aditya,2021-09-27T05:52:58Z
54,Mandeep Alhuwalia,Pune,Application Security Engineer,NULL,Aditya,2021-09-27T05:52:58Z,Aditya,2021-09-27T05:52:58Z
55,Manjit Kaur,Pune,Enginering,NULL,Aditya,2021-09-27T05:52:58Z,Aditya,2021-09-27T05:52:58Z
56,Maria L,Pune,Release Engineer,NULL,Aditya,2021-09-27T05:52:58Z,Aditya,2021-09-27T05:52:58Z
57,Mark zuckerberg,Pune,Software Engineer ,NULL,Aditya,2021-09-27T05:52:58Z,Aditya,2021-09-27T05:52:58Z
58,Sean Lio,Pune,Senior Engineer,NULL,Aditya,2021-09-27T05:52:58Z,Aditya,2021-09-27T05:52:58Z
59,Liana Martin,Pune,Associate Engineer,NULL,Aditya,2021-09-27T05:52:58Z,Aditya,2021-09-27T05:52:58Z
60,Mark W,Pune,Enginering,NULL,Aditya,2021-09-27T05:52:58Z,Aditya,2021-09-27T05:52:58Z
61,Cat Lim,Pune,Senior Engineer,NULL,Aditya,2021-09-27T05:52:58Z,Aditya,2021-09-27T05:52:58Z
62,Miiteusz Kim,Pune,Software Engineer ,NULL,Aditya,2021-09-27T05:52:58Z,Aditya,2021-09-27T05:52:58Z
63,Walingker Duc,Pune,Database Engineer,NULL,Aditya,2021-09-27T05:52:58Z,Aditya,2021-09-27T05:52:58Z
64,Duch Greenberg,Pune,Business Intelligence Engineer,NULL,Aditya,2021-09-27T05:52:58Z,Aditya,2021-09-27T05:52:58Z
65,Jinah F,Pune,Business Intelligence Engineer,NULL,Aditya,2021-09-27T05:52:58Z,Aditya,2021-09-27T05:52:58Z
66,Mick Mackiney,Pune,Enginering,NULL,Aditya,2021-09-27T05:52:58Z,Aditya,2021-09-27T05:52:58Z
67,Harvy Tolway,Pune,Senior Engineer,NULL,Aditya,2021-09-27T05:52:58Z,Aditya,2021-09-27T05:52:58Z
68,Micheal Xocian,Pune,Enginering,NULL,Aditya,2021-09-27T05:52:58Z,Aditya,2021-09-27T05:52:58Z
69,Liam Saczyk,Pune,Business Intelligence Engineer,NULL,Aditya,2021-09-27T05:52:58Z,Aditya,2021-09-27T05:52:58Z
70,Siguel H,Pune,Software Engineer,NULL,Aditya,2021-09-27T05:52:58Z,Aditya,2021-09-27T05:52:58Z
71,Akshay Kumar,Pune,Senior Engineer,NULL,Aditya,2021-09-27T05:52:58Z,Aditya,2021-09-27T05:52:58Z
72,Mohammed Irfaz,Pune,Software Engineer,NULL,Aditya,2021-09-27T05:52:58Z,Aditya,2021-09-27T05:52:58Z
73,Mohan Govinda,Pune,Software Engineer,NULL,Aditya,2021-09-27T05:52:58Z,Aditya,2021-09-27T05:52:58Z
74,Rabhan Rahman,Pune,Manager,NULL,Aditya,2021-09-27T05:52:58Z,Aditya,2021-09-27T05:52:58Z
75,Natalie Turiel,Pune,Enginering,NULL,Aditya,2021-09-27T05:52:58Z,Aditya,2021-09-27T05:52:58Z
76,Neethi Sarkar,Pune,Software Engineer,NULL,Aditya,2021-09-27T05:52:58Z,Aditya,2021-09-27T05:52:58Z
77,Siddhesh Kumar,Pune,Software Engineer,NULL,Aditya,2021-09-27T05:52:58Z,Aditya,2021-09-27T05:52:58Z
78,Mahesh Chavan,Pune,Senior Engineer,NULL,Aditya,2021-09-27T05:52:58Z,Aditya,2021-09-27T05:52:58Z
79,Varun Sharma,Pune,Database Engineer,NULL,Aditya,2021-09-27T05:52:58Z,Aditya,2021-09-27T05:52:58Z
80,Priyanka Patil,Pune,Business Intelligence Engineer,NULL,Aditya,2021-09-27T05:52:58Z,Aditya,2021-09-27T05:52:58Z
81,Pooja Shitole,Pune,System Engineer,NULL,Aditya,2021-09-27T05:52:58Z,Aditya,2021-09-27T05:52:58Z
82,Pravin Kumar,Pune,Enginering,NULL,Aditya,2021-09-27T05:52:58Z,Aditya,2021-09-27T05:52:58Z
83,Hildon C,Pune,Release Engineer,NULL,Aditya,2021-09-27T05:52:58Z,Aditya,2021-09-27T05:52:58Z
84,Deeksha Pant,Pune,Manager,NULL,Aditya,2021-09-27T05:52:58Z,Aditya,2021-09-27T05:52:58Z
85,Jimmie S,Pune,Senior Engineer,NULL,Aditya,2021-09-27T05:52:58Z,Aditya,2021-09-27T05:52:58Z
86,Patrick J,Pune,Engineer,NULL,Aditya,2021-09-27T05:52:58Z,Aditya,2021-09-27T05:52:58Z
87,Prabhat Kumar,Pune,Engineer,NULL,Aditya,2021-09-27T05:52:58Z,Aditya,2021-09-27T05:52:58Z
88,Prashant Sharma,Pune,Enginering,NULL,Aditya,2021-09-27T05:52:58Z,Aditya,2021-09-27T05:52:58Z
89,Piyush Goyal,Pune,Senior Engineer,NULL,Aditya,2021-09-27T05:52:58Z,Aditya,2021-09-27T05:52:58Z
90,Charles Beck,Pune,Manager,NULL,Aditya,2021-09-27T05:52:58Z,Aditya,2021-09-27T05:52:58Z
91,Ray Philip,Pune,Senior Engineer,NULL,Aditya,2021-09-27T05:52:58Z,Aditya,2021-09-27T05:52:58Z
92,Kim M,Pune,Associate Engineer,NULL,Aditya,2021-09-27T05:52:58Z,Aditya,2021-09-27T05:52:58Z
93,Renato F,Pune,Senior Engineer,NULL,Aditya,2021-09-27T05:52:58Z,Aditya,2021-09-27T05:52:58Z
94,Rene Lim,Pune,Associate Engineer,NULL,Aditya,2021-09-27T05:52:58Z,Aditya,2021-09-27T05:52:58Z
95,Rita Kulkarni,Pune,Enginering,NULL,Aditya,2021-09-27T05:52:58Z,Aditya,2021-09-27T05:52:58Z
96,Robert Federrer ,Pune,Business Intelligence Engineer,NULL,Aditya,2021-09-27T05:52:58Z,Aditya,2021-09-27T05:52:58Z
97,Ronit Vaz,Pune,Senior Engineer,NULL,Aditya,2021-09-27T05:52:58Z,Aditya,2021-09-27T05:52:58Z
98,Suyash Kapoor,Pune,Business Intelligence Engineer,NULL,Aditya,2021-09-27T05:52:58Z,Aditya,2021-09-27T05:52:58Z
99,Samuel Jason,Pune,Engineer,NULL,Aditya,2021-09-27T05:52:58Z,Aditya,2021-09-27T05:52:58Z
100,Palak Patel,Pune,Senior Engineer,NULL,Aditya,2021-09-27T05:52:58Z,Aditya,2021-09-27T05:52:58Z
,,,,,,,,
,,,,,,,,
,,,,,,,,
,,,,,,,,
,,,,,,,,
,,,,,,,,
,,,,,,,,
,,,,,,,,
,,,,,,,,
,,,,,,,,
,,,,,,,,
,,,,,,,,
,,,,,,,,
,,,,,,,,
,,,,,,,,
,,,,,,,,
,,,,,,,,
,,,,,,,,
,,,,,,,,
,,,,,,,,
,,,,,,,,
,,,,,,,,
,,,,,,,,
,,,,,,,,
,,,,,,,,
,,,,,,,,
,,,,,,,,
,,,,,,,,
,,,,,,,,
,,,,,,,,
,,,,,,,,
,,,,,,,,
,,,,,,,,
,,,,,,,,
,,,,,,,,
,,,,,,,,
,,,,,,,,
,,,,,,,,
,,,,,,,,
,,,,,,,,
,,,,,,,,
,,,,,,,,
,,,,,,,,
,,,,,,,,
,,,,,,,,
,,,,,,,,
,,,,,,,,
,,,,,,,,
,,,,,,,,
,,,,,,,,
,,,,,,,,
,,,,,,,,
,,,,,,,,
,,,,,,,,
,,,,,,,,
,,,,,,,,
,,,,,,,,
,,,,,,,,
,,,,,,,,
,,,,,,,,
,,,,,,,,
,,,,,,,,
,,,,,,,,
,,,,,,,,
,,,,,,,,
,,,,,,,,
,,,,,,,,
,,,,,,,,
,,,,,,,,
,,,,,,,,
,,,,,,,,
,,,,,,,,
,,,,,,,,
,,,,,,,,
,,,,,,,,
,,,,,,,,
,,,,,,,,
,,,,,,,,
,,,,,,,,
,,,,,,,,
,,,,,,,,
,,,,,,,,
,,,,,,,,
,,,,,,,,
,,,,,,,,
,,,,,,,,
,,,,,,,,
,,,,,,,,
,,,,,,,,
,,,,,,,,
,,,,,,,,
,,,,,,,,
,,,,,,,,
,,,,,,,,
,,,,,,,,
,,,,,,,,
,,,,,,,,
,,,,,,,,
,,,,,,,,
,,,,,,,,
,,,,,,,,
,,,,,,,,
,,,,,,,,
,,,,,,,,
,,,,,,,,
,,,,,,,,
,,,,,,,,
,,,,,,,,
,,,,,,,,
,,,,,,,,
,,,,,,,,
,,,,,,,,
,,,,,,,,
,,,,,,,,
,,,,,,,,
,,,,,,,,
,,,,,,,,
,,,,,,,,
,,,,,,,,
,,,,,,,,
,,,,,,,,
,,,,,,,,
,,,,,,,,
,,,,,,,,
,,,,,,,,
,,,,,,,,
,,,,,,,,
,,,,,,,,
,,,,,,,,
,,,,,,,,
,,,,,,,,
,,,,,,,,
,,,,,,,,
,,,,,,,,
,,,,,,,,
,,,,,,,,
,,,,,,,,
,,,,,,,,
,,,,,,,,
,,,,,,,,
,,,,,,,,
,,,,,,,,
,,,,,,,,
,,,,,,,,
,,,,,,,,
,,,,,,,,
,,,,,,,,
,,,,,,,,
,,,,,,,,
,,,,,,,,
,,,,,,,,
,,,,,,,,
,,,,,,,,
,,,,,,,,
,,,,,,,,
,,,,,,,,
,,,,,,,,
,,,,,,,,
,,,,,,,,
,,,,,,,,
,,,,,,,,
,,,,,,,,
,,,,,,,,
,,,,,,,,
,,,,,,,,
,,,,,,,,
,,,,,,,,
,,,,,,,,
,,,,,,,,
,,,,,,,,
,,,,,,,,
,,,,,,,,
,,,,,,,,
,,,,,,,,
,,,,,,,,
,,,,,,,,
,,,,,,,,
,,,,,,,,
,,,,,,,,
,,,,,,,,
,,,,,,,,
,,,,,,,,
,,,,,,,,
,,,,,,,,
,,,,,,,,
,,,,,,,,
,,,,,,,,
,,,,,,,,
,,,,,,,,
,,,,,,,,
,,,,,,,,
,,,,,,,,
,,,,,,,,
,,,,,,,,
,,,,,,,,
,,,,,,,,
,,,,,,,,
,,,,,,,,
,,,,,,,,
,,,,,,,,
,,,,,,,,
,,,,,,,,
,,,,,,,,
,,,,,,,,
,,,,,,,,
,,,,,,,,
,,,,,,,,
,,,,,,,,
,,,,,,,,
,,,,,,,,
,,,,,,,,
,,,,,,,,
,,,,,,,,
,,,,,,,,
,,,,,,,,
,,,,,,,,
,,,,,,,,
,,,,,,,,
,,,,,,,,
,,,,,,,,
,,,,,,,,
,,,,,,,,
,,,,,,,,
,,,,,,,,
,,,,,,,,
,,,,,,,,
,,,,,,,,
,,,,,,,,
,,,,,,,,
,,,,,,,,
,,,,,,,,
,,,,,,,,
,,,,,,,,
,,,,,,,,
,,,,,,,,
,,,,,,,,
,,,,,,,,
,,,,,,,,
,,,,,,,,
,,,,,,,,
,,,,,,,,
,,,,,,,,
,,,,,,,,
,,,,,,,,
,,,,,,,,
,,,,,,,,
,,,,,,,,
,,,,,,,,
,,,,,,,,
,,,,,,,,
,,,,,,,,
,,,,,,,,
,,,,,,,,
,,,,,,,,
,,,,,,,,
,,,,,,,,
,,,,,,,,
,,,,,,,,
,,,,,,,,
,,,,,,,,
,,,,,,,,
,,,,,,,,
,,,,,,,,
,,,,,,,,
,,,,,,,,
,,,,,,,,
,,,,,,,,
,,,,,,,,
,,,,,,,,
,,,,,,,,
,,,,,,,,
,,,,,,,,
,,,,,,,,
,,,,,,,,
,,,,,,,,
,,,,,,,,
,,,,,,,,
,,,,,,,,
,,,,,,,,
,,,,,,,,
,,,,,,,,
,,,,,,,,
,,,,,,,,
,,,,,,,,
,,,,,,,,
,,,,,,,,
,,,,,,,,
,,,,,,,,
,,,,,,,,
,,,,,,,,
,,,,,,,,
,,,,,,,,
,,,,,,,,
,,,,,,,,
,,,,,,,,
,,,,,,,,
,,,,,,,,
,,,,,,,,
,,,,,,,,
,,,,,,,,
,,,,,,,,
,,,,,,,,
,,,,,,,,
,,,,,,,,
,,,,,,,,
,,,,,,,,
,,,,,,,,
,,,,,,,,
,,,,,,,,
,,,,,,,,
,,,,,,,,
,,,,,,,,
,,,,,,,,
,,,,,,,,
,,,,,,,,
,,,,,,,,
,,,,,,,,
,,,,,,,,
,,,,,,,,
,,,,,,,,
,,,,,,,,
,,,,,,,,
,,,,,,,,
,,,,,,,,
,,,,,,,,
,,,,,,,,
,,,,,,,,
,,,,,,,,
,,,,,,,,
,,,,,,,,
,,,,,,,,
,,,,,,,,
,,,,,,,,
,,,,,,,,
,,,,,,,,
,,,,,,,,
,,,,,,,,
,,,,,,,,
,,,,,,,,
,,,,,,,,
,,,,,,,,
,,,,,,,,
,,,,,,,,
,,,,,,,,
,,,,,,,,
,,,,,,,,
,,,,,,,,
,,,,,,,,
,,,,,,,,
,,,,,,,,
,,,,,,,,
,,,,,,,,
,,,,,,,,
,,,,,,,,
,,,,,,,,
,,,,,,,,
,,,,,,,,
,,,,,,,,
,,,,,,,,
,,,,,,,,
,,,,,,,,
,,,,,,,,
,,,,,,,,
,,,,,,,,
,,,,,,,,
,,,,,,,,
,,,,,,,,
,,,,,,,,
,,,,,,,,
,,,,,,,,
,,,,,,,,
,,,,,,,,
,,,,,,,,
,,,,,,,,
,,,,,,,,
,,,,,,,,
,,,,,,,,
,,,,,,,,
,,,,,,,,
,,,,,,,,
,,,,,,,,
,,,,,,,,
,,,,,,,,
,,,,,,,,
,,,,,,,,
,,,,,,,,
,,,,,,,,
,,,,,,,,
,,,,,,,,
,,,,,,,,
,,,,,,,,
,,,,,,,,
,,,,,,,,
,,,,,,,,
,,,,,,,,
,,,,,,,,
,,,,,,,,
,,,,,,,,
,,,,,,,,
,,,,,,,,
,,,,,,,,
,,,,,,,,
,,,,,,,,
,,,,,,,,
,,,,,,,,
,,,,,,,,
,,,,,,,,
,,,,,,,,
,,,,,,,,
,,,,,,,,
,,,,,,,,
,,,,,,,,
,,,,,,,,
,,,,,,,,
,,,,,,,,
,,,,,,,,
,,,,,,,,
,,,,,,,,
,,,,,,,,
,,,,,,,,
,,,,,,,,
,,,,,,,,
,,,,,,,,
,,,,,,,,
,,,,,,,,
,,,,,,,,
,,,,,,,,
,,,,,,,,
,,,,,,,,
,,,,,,,,
,,,,,,,,
,,,,,,,,
,,,,,,,,
,,,,,,,,
,,,,,,,,
,,,,,,,,
,,,,,,,,
,,,,,,,,
,,,,,,,,
,,,,,,,,
,,,,,,,,
,,,,,,,,
,,,,,,,,
,,,,,,,,
,,,,,,,,
,,,,,,,,
,,,,,,,,
,,,,,,,,
,,,,,,,,
,,,,,,,,
,,,,,,,,
,,,,,,,,
,,,,,,,,
,,,,,,,,
,,,,,,,,
,,,,,,,,
,,,,,,,,
,,,,,,,,
,,,,,,,,
,,,,,,,,
,,,,,,,,
,,,,,,,,
,,,,,,,,
,,,,,,,,
,,,,,,,,
,,,,,,,,
,,,,,,,,
,,,,,,,,
,,,,,,,,
,,,,,,,,
,,,,,,,,
,,,,,,,,
,,,,,,,,
,,,,,,,,
,,,,,,,,
,,,,,,,,
,,,,,,,,
,,,,,,,,
,,,,,,,,
,,,,,,,,
,,,,,,,,
,,,,,,,,
,,,,,,,,
,,,,,,,,
,,,,,,,,
,,,,,,,,
,,,,,,,,
,,,,,,,,
,,,,,,,,
,,,,,,,,
,,,,,,,,
,,,,,,,,
,,,,,,,,
,,,,,,,,
,,,,,,,,
,,,,,,,,
,,,,,,,,
,,,,,,,,
,,,,,,,,
,,,,,,,,
,,,,,,,,
,,,,,,,,
,,,,,,,,
,,,,,,,,
,,,,,,,,
,,,,,,,,
,,,,,,,,
,,,,,,,,
,,,,,,,,
,,,,,,,,
,,,,,,,,
,,,,,,,,
,,,,,,,,
,,,,,,,,
,,,,,,,,
,,,,,,,,
,,,,,,,,
,,,,,,,,
,,,,,,,,
,,,,,,,,
,,,,,,,,
,,,,,,,,
,,,,,,,,
,,,,,,,,
,,,,,,,,
,,,,,,,,
,,,,,,,,
,,,,,,,,
,,,,,,,,
,,,,,,,,
,,,,,,,,
,,,,,,,,
,,,,,,,,
,,,,,,,,
,,,,,,,,
,,,,,,,,
,,,,,,,,
,,,,,,,,
,,,,,,,,
,,,,,,,,
,,,,,,,,
,,,,,,,,
,,,,,,,,
,,,,,,,,
,,,,,,,,
,,,,,,,,
,,,,,,,,
,,,,,,,,
,,,,,,,,
,,,,,,,,
,,,,,,,,
,,,,,,,,
,,,,,,,,
,,,,,,,,
,,,,,,,,
,,,,,,,,
,,,,,,,,
,,,,,,,,
,,,,,,,,
,,,,,,,,
,,,,,,,,
,,,,,,,,
,,,,,,,,
,,,,,,,,
,,,,,,,,
,,,,,,,,
,,,,,,,,
,,,,,,,,
,,,,,,,,
,,,,,,,,
,,,,,,,,
,,,,,,,,
,,,,,,,,
,,,,,,,,
,,,,,,,,
,,,,,,,,
,,,,,,,,
,,,,,,,,
,,,,,,,,
,,,,,,,,
,,,,,,,,
,,,,,,,,
,,,,,,,,
,,,,,,,,
,,,,,,,,
,,,,,,,,
,,,,,,,,
,,,,,,,,
,,,,,,,,
,,,,,,,,
,,,,,,,,
,,,,,,,,
,,,,,,,,
,,,,,,,,
,,,,,,,,
,,,,,,,,
,,,,,,,,
,,,,,,,,
,,,,,,,,
,,,,,,,,
,,,,,,,,
,,,,,,,,
,,,,,,,,
,,,,,,,,
,,,,,,,,
,,,,,,,,
,,,,,,,,
,,,,,,,,
,,,,,,,,
,,,,,,,,
,,,,,,,,
,,,,,,,,
,,,,,,,,
,,,,,,,,
,,,,,,,,
,,,,,,,,
,,,,,,,,
,,,,,,,,
,,,,,,,,
,,,,,,,,
,,,,,,,,
,,,,,,,,
,,,,,,,,
,,,,,,,,
,,,,,,,,
,,,,,,,,
,,,,,,,,
,,,,,,,,
,,,,,,,,
,,,,,,,,
,,,,,,,,
,,,,,,,,
,,,,,,,,
,,,,,,,,
,,,,,,,,
,,,,,,,,
,,,,,,,,
,,,,,,,,
,,,,,,,,
,,,,,,,,
,,,,,,,,
,,,,,,,,
,,,,,,,,
,,,,,,,,
,,,,,,,,
,,,,,,,,
,,,,,,,,
,,,,,,,,
,,,,,,,,
,,,,,,,,
,,,,,,,,
,,,,,,,,
,,,,,,,,
,,,,,,,,
,,,,,,,,
,,,,,,,,
,,,,,,,,
,,,,,,,,
,,,,,,,,
,,,,,,,,
,,,,,,,,
,,,,,,,,
,,,,,,,,
,,,,,,,,
,,,,,,,,
,,,,,,,,
,,,,,,,,
,,,,,,,,
,,,,,,,,
,,,,,,,,
,,,,,,,,
,,,,,,,,
,,,,,,,,
,,,,,,,,
,,,,,,,,
,,,,,,,,
,,,,,,,,
,,,,,,,,
,,,,,,,,
,,,,,,,,
,,,,,,,,
,,,,,,,,
,,,,,,,,
,,,,,,,,
,,,,,,,,
,,,,,,,,
,,,,,,,,
,,,,,,,,
,,,,,,,,
,,,,,,,,
,,,,,,,,
,,,,,,,,
,,,,,,,,
,,,,,,,,
,,,,,,,,
,,,,,,,,
,,,,,,,,
,,,,,,,,
,,,,,,,,
,,,,,,,,
,,,,,,,,
,,,,,,,,
,,,,,,,,
,,,,,,,,
,,,,,,,,
,,,,,,,,
,,,,,,,,
,,,,,,,,
,,,,,,,,
,,,,,,,,
,,,,,,,,
,,,,,,,,
,,,,,,,,
,,,,,,,,
,,,,,,,,
,,,,,,,,
,,,,,,,,
,,,,,,,,
,,,,,,,,
,,,,,,,,
,,,,,,,,
,,,,,,,,
,,,,,,,,
,,,,,,,,
,,,,,,,,
,,,,,,,,
,,,,,,,,
,,,,,,,,
,,,,,,,,
,,,,,,,,
,,,,,,,,
,,,,,,,,
,,,,,,,,
,,,,,,,,
,,,,,,,,
,,,,,,,,
,,,,,,,,
,,,,,,,,
,,,,,,,,
,,,,,,,,
,,,,,,,,
,,,,,,,,
,,,,,,,,
,,,,,,,,
,,,,,,,,
,,,,,,,,
,,,,,,,,
,,,,,,,,
,,,,,,,,
,,,,,,,,
,,,,,,,,
,,,,,,,,
,,,,,,,,
,,,,,,,,
,,,,,,,,
,,,,,,,,
,,,,,,,,
,,,,,,,,
,,,,,,,,
,,,,,,,,
,,,,,,,,
,,,,,,,,
,,,,,,,,
,,,,,,,,
,,,,,,,,
,,,,,,,,
,,,,,,,,
,,,,,,,,
,,,,,,,,
,,,,,,,,
,,,,,,,,
,,,,,,,,
,,,,,,,,
,,,,,,,,
,,,,,,,,
,,,,,,,,
,,,,,,,,
,,,,,,,,
,,,,,,,,
,,,,,,,,
,,,,,,,,
,,,,,,,,
,,,,,,,,
,,,,,,,,
,,,,,,,,
,,,,,,,,
,,,,,,,,
,,,,,,,,
,,,,,,,,
,,,,,,,,
,,,,,,,,
,,,,,,,,
,,,,,,,,
,,,,,,,,
,,,,,,,,
,,,,,,,,
,,,,,,,,
,,,,,,,,
,,,,,,,,
,,,,,,,,
,,,,,,,,
,,,,,,,,
,,,,,,,,
,,,,,,,,
,,,,,,,,
,,,,,,,,
,,,,,,,,
,,,,,,,,
,,,,,,,,
,,,,,,,,
,,,,,,,,
,,,,,,,,
,,,,,,,,
,,,,,,,,
,,,,,,,,
,,,,,,,,
,,,,,,,,
,,,,,,,,
,,,,,,,,
,,,,,,,,
,,,,,,,,
,,,,,,,,
,,,,,,,,
,,,,,,,,
,,,,,,,,
,,,,,,,,
,,,,,,,,
,,,,,,,,
,,,,,,,,
,,,,,,,,
,,,,,,,,
,,,,,,,,
,,,,,,,,
,,,,,,,,
,,,,,,,,
,,,,,,,,
,,,,,,,,
,,,,,,,,
,,,,,,,,
,,,,,,,,
,,,,,,,,
,,,,,,,,
,,,,,,,,
,,,,,,,,
,,,,,,,,
,,,,,,,,
,,,,,,,,
,,,,,,,,
,,,,,,,,
,,,,,,,,
,,,,,,,,
,,,,,,,,
,,,,,,,,
,,,,,,,,
,,,,,,,,
,,,,,,,,
,,,,,,,,
,,,,,,,,
,,,,,,,,
,,,,,,,,
,,,,,,,,
,,,,,,,,
,,,,,,,,
,,,,,,,,
,,,,,,,,
,,,,,,,,
,,,,,,,,
,,,,,,,,
,,,,,,,,
,,,,,,,,
,,,,,,,,
,,,,,,,,
,,,,,,,,
,,,,,,,,
,,,,,,,,
,,,,,,,,
,,,,,,,,
,,,,,,,,
,,,,,,,,
,,,,,,,,
,,,,,,,,
,,,,,,,,
,,,,,,,,
,,,,,,,,
,,,,,,,,
,,,,,,,,
,,,,,,,,
,,,,,,,,
,,,,,,,,
,,,,,,,,
,,,,,,,,
,,,,,,,,
,,,,,,,,
,,,,,,,,
,,,,,,,,
,,,,,,,,
,,,,,,,,
,,,,,,,,
,,,,,,,,