e_id,P_skills,a_skills,aspired_skills,p_self_rating,a_self_rating,p_manager_rating,a_manager_rating,a_proficiency_level,p_proficiency_level,p_rating_delta,a_rating_delta,created_by,created_on,last_updated_by,last_updated_on
1,Java,SQL,NULL,1,7,7,1,INTERMEDIATE,BEGINNER,6,6,aditya,2021-09-27T05:52:58Z,titiksha,2021-09-27T05:52:58Z
2,AngularJS,JSS,NULL,5,6,10,3,INTERMEDIATE,INTERMEDIATE,5,3,aditya,2021-09-27T05:52:58Z,titiksha,2021-09-27T05:52:58Z
3,Python,AWS,NULL,5,4,7,6,INTERMEDIATE,INTERMEDIATE,2,2,aditya,2021-09-27T05:52:58Z,titiksha,2021-09-27T05:52:58Z
4,Java,Bash,NULL,5,4,7,9,INTERMEDIATE,INTERMEDIATE,2,5,aditya,2021-09-27T05:52:58Z,titiksha,2021-09-27T05:52:58Z
5,Poduct Management,Agile,NULL,6,7,1,6,INTERMEDIATE,INTERMEDIATE,5,1,aditya,2021-09-27T05:52:58Z,titiksha,2021-09-27T05:52:58Z
6,Java,SQL,NULL,8,6,10,7,INTERMEDIATE,EXPERT,2,1,aditya,2021-09-27T05:52:58Z,titiksha,2021-09-27T05:52:58Z
7,Spanish,SQL,NULL,1,4,9,8,INTERMEDIATE,BEGINNER,8,4,aditya,2021-09-27T05:52:58Z,titiksha,2021-09-27T05:52:58Z
8,LookerBI,PowerBI,NULL,7,7,7,5,INTERMEDIATE,INTERMEDIATE,0,2,aditya,2021-09-27T05:52:58Z,titiksha,2021-09-27T05:52:58Z
9,NLP,Logistic Regression,NULL,7,2,1,8,BEGINNER,INTERMEDIATE,6,6,aditya,2021-09-27T05:52:58Z,titiksha,2021-09-27T05:52:58Z
10,Poduct Management,Agile,NULL,7,2,7,9,BEGINNER,INTERMEDIATE,0,7,aditya,2021-09-27T05:52:58Z,titiksha,2021-09-27T05:52:58Z
11,Machine Learning,Logistic Regression,NULL,8,5,7,7,INTERMEDIATE,EXPERT,1,2,aditya,2021-09-27T05:52:58Z,titiksha,2021-09-27T05:52:58Z
12,Client Servicing,SQL,NULL,7,7,9,8,INTERMEDIATE,INTERMEDIATE,2,1,aditya,2021-09-27T05:52:58Z,titiksha,2021-09-27T05:52:58Z
13,Hadoop,MapReduce,NULL,7,10,10,9,EXPERT,INTERMEDIATE,3,1,aditya,2021-09-27T05:52:58Z,titiksha,2021-09-27T05:52:58Z
14,Python,AWS,NULL,4,1,4,3,BEGINNER,INTERMEDIATE,0,2,aditya,2021-09-27T05:52:58Z,titiksha,2021-09-27T05:52:58Z
15,Java,AWS,NULL,1,1,7,7,BEGINNER,BEGINNER,6,6,aditya,2021-09-27T05:52:58Z,titiksha,2021-09-27T05:52:58Z
16,Java,SQL,NULL,10,7,10,5,INTERMEDIATE,EXPERT,0,2,aditya,2021-09-27T05:52:58Z,titiksha,2021-09-27T05:52:58Z
17,Python,AWS,NULL,6,5,10,4,INTERMEDIATE,INTERMEDIATE,4,1,aditya,2021-09-27T05:52:58Z,titiksha,2021-09-27T05:52:58Z
18,Java,Bash,NULL,7,2,3,2,BEGINNER,INTERMEDIATE,4,0,aditya,2021-09-27T05:52:58Z,titiksha,2021-09-27T05:52:58Z
19,AngularJS,JSS,NULL,3,9,6,1,EXPERT,BEGINNER,3,8,aditya,2021-09-27T05:52:58Z,titiksha,2021-09-27T05:52:58Z
20,Java,Bash,NULL,1,9,7,9,EXPERT,BEGINNER,6,0,aditya,2021-09-27T05:52:58Z,titiksha,2021-09-27T05:52:58Z
21,Machine Learning,Logistic Regression,NULL,9,8,6,6,EXPERT,EXPERT,3,2,aditya,2021-09-27T05:52:58Z,titiksha,2021-09-27T05:52:58Z
22,Python,AWS,NULL,3,10,8,1,EXPERT,BEGINNER,5,9,aditya,2021-09-27T05:52:58Z,titiksha,2021-09-27T05:52:58Z
23,Java,Bash,NULL,5,6,9,4,INTERMEDIATE,INTERMEDIATE,4,2,aditya,2021-09-27T05:52:58Z,titiksha,2021-09-27T05:52:58Z
24,Hadoop,MapReduce,NULL,8,6,4,10,INTERMEDIATE,EXPERT,4,4,aditya,2021-09-27T05:52:58Z,titiksha,2021-09-27T05:52:58Z
25,LookerBI,PowerBI,NULL,10,7,6,2,INTERMEDIATE,EXPERT,4,5,aditya,2021-09-27T05:52:58Z,titiksha,2021-09-27T05:52:58Z
26,French,SQL,NULL,5,10,6,3,EXPERT,INTERMEDIATE,1,7,aditya,2021-09-27T05:52:58Z,titiksha,2021-09-27T05:52:58Z
27,AngularJS,JSS,NULL,3,7,4,5,INTERMEDIATE,BEGINNER,1,2,aditya,2021-09-27T05:52:58Z,titiksha,2021-09-27T05:52:58Z
28,NLP,Logistic Regression,NULL,9,7,3,7,INTERMEDIATE,EXPERT,6,0,aditya,2021-09-27T05:52:58Z,titiksha,2021-09-27T05:52:58Z
29,Java,SQL,NULL,5,3,4,7,BEGINNER,INTERMEDIATE,1,4,aditya,2021-09-27T05:52:58Z,titiksha,2021-09-27T05:52:58Z
30,Japanese,SQL,NULL,2,5,1,3,INTERMEDIATE,BEGINNER,1,2,aditya,2021-09-27T05:52:58Z,titiksha,2021-09-27T05:52:58Z
31,Hadoop,MapReduce,NULL,3,10,10,5,EXPERT,BEGINNER,7,5,aditya,2021-09-27T05:52:58Z,titiksha,2021-09-27T05:52:58Z
32,PowerBI,Tableau,NULL,10,3,6,9,BEGINNER,EXPERT,4,6,aditya,2021-09-27T05:52:58Z,titiksha,2021-09-27T05:52:58Z
33,NLP,Logistic Regression,NULL,6,6,8,8,INTERMEDIATE,INTERMEDIATE,2,2,aditya,2021-09-27T05:52:58Z,titiksha,2021-09-27T05:52:58Z
34,AngularJS,JSS,NULL,1,5,10,9,INTERMEDIATE,BEGINNER,9,4,aditya,2021-09-27T05:52:58Z,titiksha,2021-09-27T05:52:58Z
35,AngularJS,JSS,NULL,6,6,3,8,INTERMEDIATE,INTERMEDIATE,3,2,aditya,2021-09-27T05:52:58Z,titiksha,2021-09-27T05:52:58Z
36,AngularJS,JSS,NULL,10,5,2,2,INTERMEDIATE,EXPERT,8,3,aditya,2021-09-27T05:52:58Z,titiksha,2021-09-27T05:52:58Z
37,Spanish,SQL,NULL,3,10,6,4,EXPERT,BEGINNER,3,6,aditya,2021-09-27T05:52:58Z,titiksha,2021-09-27T05:52:58Z
38,Java,SQL,NULL,7,3,10,5,BEGINNER,INTERMEDIATE,3,2,aditya,2021-09-27T05:52:58Z,titiksha,2021-09-27T05:52:58Z
39,NLP,Logistic Regression,NULL,7,4,3,6,INTERMEDIATE,INTERMEDIATE,4,2,aditya,2021-09-27T05:52:58Z,titiksha,2021-09-27T05:52:58Z
40,AngularJS,JSS,NULL,3,6,5,3,INTERMEDIATE,BEGINNER,2,3,aditya,2021-09-27T05:52:58Z,titiksha,2021-09-27T05:52:58Z
41,LookerBI,PowerBI,NULL,6,10,3,8,EXPERT,INTERMEDIATE,3,2,aditya,2021-09-27T05:52:58Z,titiksha,2021-09-27T05:52:58Z
42,NLP,Logistic Regression,NULL,1,6,7,6,INTERMEDIATE,BEGINNER,6,0,aditya,2021-09-27T05:52:58Z,titiksha,2021-09-27T05:52:58Z
43,AngularJS,JSS,NULL,3,5,8,4,INTERMEDIATE,BEGINNER,5,1,aditya,2021-09-27T05:52:58Z,titiksha,2021-09-27T05:52:58Z
44,Poduct Management,Agile,NULL,4,1,5,6,BEGINNER,INTERMEDIATE,1,5,aditya,2021-09-27T05:52:58Z,titiksha,2021-09-27T05:52:58Z
45,Java,Bash,NULL,4,8,5,4,EXPERT,INTERMEDIATE,1,4,aditya,2021-09-27T05:52:58Z,titiksha,2021-09-27T05:52:58Z
46,AngularJS,JSS,NULL,6,2,9,5,BEGINNER,INTERMEDIATE,3,3,aditya,2021-09-27T05:52:58Z,titiksha,2021-09-27T05:52:58Z
47,Machine Learning,Logistic Regression,NULL,5,7,4,2,INTERMEDIATE,INTERMEDIATE,1,5,aditya,2021-09-27T05:52:58Z,titiksha,2021-09-27T05:52:58Z
48,Java,Bash,NULL,4,9,5,5,EXPERT,INTERMEDIATE,1,4,aditya,2021-09-27T05:52:58Z,titiksha,2021-09-27T05:52:58Z
49,Java,SQL,NULL,6,4,8,10,INTERMEDIATE,INTERMEDIATE,2,6,aditya,2021-09-27T05:52:58Z,titiksha,2021-09-27T05:52:58Z
50,Angular,ReactJS,NULL,1,10,4,1,EXPERT,BEGINNER,3,9,aditya,2021-09-27T05:52:58Z,titiksha,2021-09-27T05:52:58Z
51,SQL,Informatica,NULL,5,4,4,4,INTERMEDIATE,INTERMEDIATE,1,0,aditya,2021-09-27T05:52:58Z,titiksha,2021-09-27T05:52:58Z
52,Power BI,Looker,NULL,8,3,9,1,BEGINNER,EXPERT,1,2,aditya,2021-09-27T05:52:58Z,titiksha,2021-09-27T05:52:58Z
53,Linux,Java,NULL,1,2,3,6,BEGINNER,BEGINNER,2,4,aditya,2021-09-27T05:52:58Z,titiksha,2021-09-27T05:52:58Z
54,Application Security,SAST,NULL,7,1,7,4,BEGINNER,INTERMEDIATE,0,3,aditya,2021-09-27T05:52:58Z,titiksha,2021-09-27T05:52:58Z
55,Hadoop,MapReduce,NULL,4,8,2,6,EXPERT,INTERMEDIATE,2,2,aditya,2021-09-27T05:52:58Z,titiksha,2021-09-27T05:52:58Z
56,Docker,Kubernetes,NULL,9,3,5,3,BEGINNER,EXPERT,4,0,aditya,2021-09-27T05:52:58Z,titiksha,2021-09-27T05:52:58Z
57,Java,JavaScript,NULL,8,4,7,9,INTERMEDIATE,EXPERT,1,5,aditya,2021-09-27T05:52:58Z,titiksha,2021-09-27T05:52:58Z
58,Microservices,Python,NULL,3,5,9,2,INTERMEDIATE,BEGINNER,6,3,aditya,2021-09-27T05:52:58Z,titiksha,2021-09-27T05:52:58Z
59,Scala,Microservices,NULL,7,10,9,4,EXPERT,INTERMEDIATE,2,6,aditya,2021-09-27T05:52:58Z,titiksha,2021-09-27T05:52:58Z
60,MapReduce,Hadoop,NULL,6,9,9,7,EXPERT,INTERMEDIATE,3,2,aditya,2021-09-27T05:52:58Z,titiksha,2021-09-27T05:52:58Z
61,Java,SQL,NULL,3,4,7,6,INTERMEDIATE,BEGINNER,4,2,aditya,2021-09-27T05:52:58Z,titiksha,2021-09-27T05:52:58Z
62,Java,JavaScript,NULL,7,2,6,5,BEGINNER,INTERMEDIATE,1,3,aditya,2021-09-27T05:52:58Z,titiksha,2021-09-27T05:52:58Z
63,SQL,Informatica,NULL,1,7,3,8,INTERMEDIATE,BEGINNER,2,1,aditya,2021-09-27T05:52:58Z,titiksha,2021-09-27T05:52:58Z
64,Power BI,Looker,NULL,4,7,1,10,INTERMEDIATE,INTERMEDIATE,3,3,aditya,2021-09-27T05:52:58Z,titiksha,2021-09-27T05:52:58Z
65,Quilk,Looker,NULL,7,8,2,2,EXPERT,INTERMEDIATE,5,6,aditya,2021-09-27T05:52:58Z,titiksha,2021-09-27T05:52:58Z
66,MapReduce,Hadoop,NULL,4,6,9,1,INTERMEDIATE,INTERMEDIATE,5,5,aditya,2021-09-27T05:52:58Z,titiksha,2021-09-27T05:52:58Z
67,Java,SQL,NULL,9,8,8,3,EXPERT,EXPERT,1,5,aditya,2021-09-27T05:52:58Z,titiksha,2021-09-27T05:52:58Z
68,Hadoop,MapReduce,NULL,9,9,7,1,EXPERT,EXPERT,2,8,aditya,2021-09-27T05:52:58Z,titiksha,2021-09-27T05:52:58Z
69,Power BI,Looker,NULL,5,4,2,7,INTERMEDIATE,INTERMEDIATE,3,3,aditya,2021-09-27T05:52:58Z,titiksha,2021-09-27T05:52:58Z
70,Angular,ReactJS,NULL,3,7,7,7,INTERMEDIATE,BEGINNER,4,0,aditya,2021-09-27T05:52:58Z,titiksha,2021-09-27T05:52:58Z
71,Microservices,Python,NULL,8,4,5,8,INTERMEDIATE,EXPERT,3,4,aditya,2021-09-27T05:52:58Z,titiksha,2021-09-27T05:52:58Z
72,Angular,ReactJS,NULL,10,2,6,8,BEGINNER,EXPERT,4,6,aditya,2021-09-27T05:52:58Z,titiksha,2021-09-27T05:52:58Z
73,Java,NodeJS,NULL,9,10,7,4,EXPERT,EXPERT,2,6,aditya,2021-09-27T05:52:58Z,titiksha,2021-09-27T05:52:58Z
74,People Management,SQL,NULL,3,2,3,4,BEGINNER,BEGINNER,0,2,aditya,2021-09-27T05:52:58Z,titiksha,2021-09-27T05:52:58Z
75,Hadoop,MapReduce,NULL,10,9,5,3,EXPERT,EXPERT,5,6,aditya,2021-09-27T05:52:58Z,titiksha,2021-09-27T05:52:58Z
76,Java,NodeJS,NULL,6,1,2,6,BEGINNER,INTERMEDIATE,4,5,aditya,2021-09-27T05:52:58Z,titiksha,2021-09-27T05:52:58Z
77,Java,NodeJS,NULL,5,9,2,1,EXPERT,INTERMEDIATE,3,8,aditya,2021-09-27T05:52:58Z,titiksha,2021-09-27T05:52:58Z
78,Microservices,Python,NULL,1,3,4,8,BEGINNER,BEGINNER,3,5,aditya,2021-09-27T05:52:58Z,titiksha,2021-09-27T05:52:58Z
79,SQL,Informatica,NULL,9,9,4,2,EXPERT,EXPERT,5,7,aditya,2021-09-27T05:52:58Z,titiksha,2021-09-27T05:52:58Z
80,Power BI,Looker,NULL,6,4,1,3,INTERMEDIATE,INTERMEDIATE,5,1,aditya,2021-09-27T05:52:58Z,titiksha,2021-09-27T05:52:58Z
81,Linux,Java,NULL,5,9,9,6,EXPERT,INTERMEDIATE,4,3,aditya,2021-09-27T05:52:58Z,titiksha,2021-09-27T05:52:58Z
82,Hadoop,MapReduce,NULL,4,10,4,8,EXPERT,INTERMEDIATE,0,2,aditya,2021-09-27T05:52:58Z,titiksha,2021-09-27T05:52:58Z
83,Docker,Kubernetes,NULL,1,1,8,7,BEGINNER,BEGINNER,7,6,aditya,2021-09-27T05:52:58Z,titiksha,2021-09-27T05:52:58Z
84,Client Servicing,SQL,NULL,10,3,1,7,BEGINNER,EXPERT,9,4,aditya,2021-09-27T05:52:58Z,titiksha,2021-09-27T05:52:58Z
85,Java,SQL,NULL,9,3,6,5,BEGINNER,EXPERT,3,2,aditya,2021-09-27T05:52:58Z,titiksha,2021-09-27T05:52:58Z
86,AngularJS,JSS,NULL,9,2,10,1,BEGINNER,EXPERT,1,1,aditya,2021-09-27T05:52:58Z,titiksha,2021-09-27T05:52:58Z
87,AngularJS,JSS,NULL,9,9,4,7,EXPERT,EXPERT,5,2,aditya,2021-09-27T05:52:58Z,titiksha,2021-09-27T05:52:58Z
88,Hadoop,MapReduce,NULL,6,2,1,8,BEGINNER,INTERMEDIATE,5,6,aditya,2021-09-27T05:52:58Z,titiksha,2021-09-27T05:52:58Z
89,Python,SQL,NULL,7,7,7,5,INTERMEDIATE,INTERMEDIATE,0,2,aditya,2021-09-27T05:52:58Z,titiksha,2021-09-27T05:52:58Z
90,Client Servicing,Azure,NULL,8,8,6,10,EXPERT,EXPERT,2,2,aditya,2021-09-27T05:52:58Z,titiksha,2021-09-27T05:52:58Z
91,Java,SQL,NULL,1,6,7,8,INTERMEDIATE,BEGINNER,6,2,aditya,2021-09-27T05:52:58Z,titiksha,2021-09-27T05:52:58Z
92,Python,Microservices,NULL,5,7,3,10,INTERMEDIATE,INTERMEDIATE,2,3,aditya,2021-09-27T05:52:58Z,titiksha,2021-09-27T05:52:58Z
93,Microservices,Python,NULL,10,4,5,2,INTERMEDIATE,EXPERT,5,2,aditya,2021-09-27T05:52:58Z,titiksha,2021-09-27T05:52:58Z
94,Scala,Microservices,NULL,10,9,6,2,EXPERT,EXPERT,4,7,aditya,2021-09-27T05:52:58Z,titiksha,2021-09-27T05:52:58Z
95,Hadoop,MapReduce,NULL,4,4,6,3,INTERMEDIATE,INTERMEDIATE,2,1,aditya,2021-09-27T05:52:58Z,titiksha,2021-09-27T05:52:58Z
96,Power BI,Looker,NULL,5,1,3,1,BEGINNER,INTERMEDIATE,2,0,aditya,2021-09-27T05:52:58Z,titiksha,2021-09-27T05:52:58Z
97,Java,SQL,NULL,10,8,5,1,EXPERT,EXPERT,5,7,aditya,2021-09-27T05:52:58Z,titiksha,2021-09-27T05:52:58Z
98,Power BI,Looker,NULL,2,3,7,9,BEGINNER,BEGINNER,5,6,aditya,2021-09-27T05:52:58Z,titiksha,2021-09-27T05:52:58Z
99,AngularJS,JSS,NULL,4,4,7,1,INTERMEDIATE,INTERMEDIATE,3,3,aditya,2021-09-27T05:52:58Z,titiksha,2021-09-27T05:52:58Z
100,Microservices,Python,NULL,6,9,4,1,EXPERT,INTERMEDIATE,2,8,aditya,2021-09-27T05:52:58Z,titiksha,2021-09-27T05:52:58Z