e_id,employee_name,P_skills,a_skills,aspired_skills,p_self_rating,a_self_rating,p_manager_rating,a_proficiency_level,p_proficiency_level,p_rating_delta,created_by,created_on,last_updated_by,last_updated_on
1,Wang Park,Java,SQL,NULL,1,7,7,INTERMEDIATE,BEGINNER,6,aditya,2021-09-27T05:52:58Z,titiksha,2021-09-27T05:52:58Z
2,Ian James,AngularJS,JSS,NULL,5,6,10,INTERMEDIATE,INTERMEDIATE,5,aditya,2021-09-27T05:52:58Z,titiksha,2021-09-27T05:52:58Z
3,Jacob Sylvia,Python,AWS,NULL,5,4,7,INTERMEDIATE,INTERMEDIATE,2,aditya,2021-09-27T05:52:58Z,titiksha,2021-09-27T05:52:58Z
4,James Khanom,Java,Bash,NULL,5,4,7,INTERMEDIATE,INTERMEDIATE,2,aditya,2021-09-27T05:52:58Z,titiksha,2021-09-27T05:52:58Z
5,Isaac Newton,Poduct Management,Agile,NULL,6,7,1,INTERMEDIATE,INTERMEDIATE,5,aditya,2021-09-27T05:52:58Z,titiksha,2021-09-27T05:52:58Z
6,Hyung Wellborn,Java,SQL,NULL,8,6,10,INTERMEDIATE,EXPERT,2,aditya,2021-09-27T05:52:58Z,titiksha,2021-09-27T05:52:58Z
7,Jacob Santorini,Spanish,SQL,NULL,1,4,9,INTERMEDIATE,BEGINNER,8,aditya,2021-09-27T05:52:58Z,titiksha,2021-09-27T05:52:58Z
8,Janoo Lavie,LookerBI,PowerBI,NULL,7,7,7,INTERMEDIATE,INTERMEDIATE,0,aditya,2021-09-27T05:52:58Z,titiksha,2021-09-27T05:52:58Z
9,Jacob Mallya,NLP,Logistic Regression,NULL,7,2,1,BEGINNER,INTERMEDIATE,6,aditya,2021-09-27T05:52:58Z,titiksha,2021-09-27T05:52:58Z
10,James Kylie,Poduct Management,Agile,NULL,7,2,7,BEGINNER,INTERMEDIATE,0,aditya,2021-09-27T05:52:58Z,titiksha,2021-09-27T05:52:58Z
11,Sonam Wangdu,Machine Learning,Logistic Regression,NULL,8,5,7,INTERMEDIATE,EXPERT,1,aditya,2021-09-27T05:52:58Z,titiksha,2021-09-27T05:52:58Z
12,Jai Mohan,Client Servicing,SQL,NULL,7,7,9,INTERMEDIATE,INTERMEDIATE,2,aditya,2021-09-27T05:52:58Z,titiksha,2021-09-27T05:52:58Z
13,Janus Nick,Hadoop,MapReduce,NULL,7,10,10,EXPERT,INTERMEDIATE,3,aditya,2021-09-27T05:52:58Z,titiksha,2021-09-27T05:52:58Z
14,Aban Osman,Python,AWS,NULL,4,1,4,BEGINNER,INTERMEDIATE,0,aditya,2021-09-27T05:52:58Z,titiksha,2021-09-27T05:52:58Z
15,Jamie Feren,Java,AWS,NULL,1,1,7,BEGINNER,BEGINNER,6,aditya,2021-09-27T05:52:58Z,titiksha,2021-09-27T05:52:58Z
16,Javier Afroz,Java,SQL,NULL,10,7,10,INTERMEDIATE,EXPERT,0,aditya,2021-09-27T05:52:58Z,titiksha,2021-09-27T05:52:58Z
17,Jeff Afron,Python,AWS,NULL,6,5,10,INTERMEDIATE,INTERMEDIATE,4,aditya,2021-09-27T05:52:58Z,titiksha,2021-09-27T05:52:58Z
18,Jessica Alba,Java,Bash,NULL,7,2,3,BEGINNER,INTERMEDIATE,4,aditya,2021-09-27T05:52:58Z,titiksha,2021-09-27T05:52:58Z
19,Jerry tom,AngularJS,JSS,NULL,3,9,6,EXPERT,BEGINNER,3,aditya,2021-09-27T05:52:58Z,titiksha,2021-09-27T05:52:58Z
20,Johny Walker,Java,Bash,NULL,1,9,7,EXPERT,BEGINNER,6,aditya,2021-09-27T05:52:58Z,titiksha,2021-09-27T05:52:58Z
21,Johny Riggs,Machine Learning,Logistic Regression,NULL,9,8,6,EXPERT,EXPERT,3,aditya,2021-09-27T05:52:58Z,titiksha,2021-09-27T05:52:58Z
22,John Berlin,Python,AWS,NULL,3,10,8,EXPERT,BEGINNER,5,aditya,2021-09-27T05:52:58Z,titiksha,2021-09-27T05:52:58Z
23,John Kendell,Java,Bash,NULL,5,6,9,INTERMEDIATE,INTERMEDIATE,4,aditya,2021-09-27T05:52:58Z,titiksha,2021-09-27T05:52:58Z
24,Melwin Edwards,Hadoop,MapReduce,NULL,8,6,4,INTERMEDIATE,EXPERT,4,aditya,2021-09-27T05:52:58Z,titiksha,2021-09-27T05:52:58Z
25,Joseph Joshua,LookerBI,PowerBI,NULL,10,7,6,INTERMEDIATE,EXPERT,4,aditya,2021-09-27T05:52:58Z,titiksha,2021-09-27T05:52:58Z
26,Joseph Monroe,French,SQL,NULL,5,10,6,EXPERT,INTERMEDIATE,1,aditya,2021-09-27T05:52:58Z,titiksha,2021-09-27T05:52:58Z
27,Josh Ryan,AngularJS,JSS,NULL,3,7,4,INTERMEDIATE,BEGINNER,1,aditya,2021-09-27T05:52:58Z,titiksha,2021-09-27T05:52:58Z
28,James Bond,NLP,Logistic Regression,NULL,9,7,3,INTERMEDIATE,EXPERT,6,aditya,2021-09-27T05:52:58Z,titiksha,2021-09-27T05:52:58Z
29,Joshua Carlos,Java,SQL,NULL,5,3,4,BEGINNER,INTERMEDIATE,1,aditya,2021-09-27T05:52:58Z,titiksha,2021-09-27T05:52:58Z
30,Rahul Gandhi,Japanese,SQL,NULL,2,5,1,INTERMEDIATE,BEGINNER,1,aditya,2021-09-27T05:52:58Z,titiksha,2021-09-27T05:52:58Z
31,Mohan Madan,Hadoop,MapReduce,NULL,3,10,10,EXPERT,BEGINNER,7,aditya,2021-09-27T05:52:58Z,titiksha,2021-09-27T05:52:58Z
32,Justin Beiber,PowerBI,Tableau,NULL,10,3,6,BEGINNER,EXPERT,4,aditya,2021-09-27T05:52:58Z,titiksha,2021-09-27T05:52:58Z
33,Mary kom,NLP,Logistic Regression,NULL,6,6,8,INTERMEDIATE,INTERMEDIATE,2,aditya,2021-09-27T05:52:58Z,titiksha,2021-09-27T05:52:58Z
34,Kareena Kapoor,AngularJS,JSS,NULL,1,5,10,INTERMEDIATE,BEGINNER,9,aditya,2021-09-27T05:52:58Z,titiksha,2021-09-27T05:52:58Z
35,King Khan,AngularJS,JSS,NULL,6,6,3,INTERMEDIATE,INTERMEDIATE,3,aditya,2021-09-27T05:52:58Z,titiksha,2021-09-27T05:52:58Z
36,Kevin Peter,AngularJS,JSS,NULL,10,5,2,INTERMEDIATE,EXPERT,8,aditya,2021-09-27T05:52:58Z,titiksha,2021-09-27T05:52:58Z
37,Shravan Kumari,Spanish,SQL,NULL,3,10,6,EXPERT,BEGINNER,3,aditya,2021-09-27T05:52:58Z,titiksha,2021-09-27T05:52:58Z
38,Narayan Poul,Java,SQL,NULL,7,3,10,BEGINNER,INTERMEDIATE,3,aditya,2021-09-27T05:52:58Z,titiksha,2021-09-27T05:52:58Z
39,Krzysztof Zarzycki,NLP,Logistic Regression,NULL,7,4,3,INTERMEDIATE,INTERMEDIATE,4,aditya,2021-09-27T05:52:58Z,titiksha,2021-09-27T05:52:58Z
40,Kyle Polard,AngularJS,JSS,NULL,3,6,5,INTERMEDIATE,BEGINNER,2,aditya,2021-09-27T05:52:58Z,titiksha,2021-09-27T05:52:58Z
41,Laura Karuna,LookerBI,PowerBI,NULL,6,10,3,EXPERT,INTERMEDIATE,3,aditya,2021-09-27T05:52:58Z,titiksha,2021-09-27T05:52:58Z
42,Kim Yong Hung,NLP,Logistic Regression,NULL,1,6,7,INTERMEDIATE,BEGINNER,6,aditya,2021-09-27T05:52:58Z,titiksha,2021-09-27T05:52:58Z
43,Line Calling,AngularJS,JSS,NULL,3,5,8,INTERMEDIATE,BEGINNER,5,aditya,2021-09-27T05:52:58Z,titiksha,2021-09-27T05:52:58Z
44,Pradeep Krishnan,Poduct Management,Agile,NULL,4,1,5,BEGINNER,INTERMEDIATE,1,aditya,2021-09-27T05:52:58Z,titiksha,2021-09-27T05:52:58Z
45,Lucas James,Java,Bash,NULL,4,8,5,EXPERT,INTERMEDIATE,1,aditya,2021-09-27T05:52:58Z,titiksha,2021-09-27T05:52:58Z
46,Luis Cassandra,AngularJS,JSS,NULL,6,2,9,BEGINNER,INTERMEDIATE,3,aditya,2021-09-27T05:52:58Z,titiksha,2021-09-27T05:52:58Z
47,Funsuk Manmohan,Machine Learning,Logistic Regression,NULL,5,7,4,INTERMEDIATE,INTERMEDIATE,1,aditya,2021-09-27T05:52:58Z,titiksha,2021-09-27T05:52:58Z
48,Rana Medina,Java,Bash,NULL,4,9,5,EXPERT,INTERMEDIATE,1,aditya,2021-09-27T05:52:58Z,titiksha,2021-09-27T05:52:58Z
49,James Koren,Java,SQL,NULL,6,4,8,INTERMEDIATE,INTERMEDIATE,2,aditya,2021-09-27T05:52:58Z,titiksha,2021-09-27T05:52:58Z
50,Sakib,Angular,ReactJS,NULL,1,10,4,EXPERT,BEGINNER,3,aditya,2021-09-27T05:52:58Z,titiksha,2021-09-27T05:52:58Z
51,Maciej K,SQL,Informatica,NULL,5,4,4,INTERMEDIATE,INTERMEDIATE,1,aditya,2021-09-27T05:52:58Z,titiksha,2021-09-27T05:52:58Z
52,Mahil S,Power BI,Looker,NULL,8,3,9,BEGINNER,EXPERT,1,aditya,2021-09-27T05:52:58Z,titiksha,2021-09-27T05:52:58Z
53,Maksim J,Linux,Java,NULL,1,2,3,BEGINNER,BEGINNER,2,aditya,2021-09-27T05:52:58Z,titiksha,2021-09-27T05:52:58Z
54,Mandeep Alhuwalia,Application Security,SAST,NULL,7,1,7,BEGINNER,INTERMEDIATE,0,aditya,2021-09-27T05:52:58Z,titiksha,2021-09-27T05:52:58Z
55,Manjit Kaur,Hadoop,MapReduce,NULL,4,8,2,EXPERT,INTERMEDIATE,2,aditya,2021-09-27T05:52:58Z,titiksha,2021-09-27T05:52:58Z
56,Maria L,Docker,Kubernetes,NULL,9,3,5,BEGINNER,EXPERT,4,aditya,2021-09-27T05:52:58Z,titiksha,2021-09-27T05:52:58Z
57,Mark zuckerberg,Java,JavaScript,NULL,8,4,7,INTERMEDIATE,EXPERT,1,aditya,2021-09-27T05:52:58Z,titiksha,2021-09-27T05:52:58Z
58,Sean Lio,Microservices,Python,NULL,3,5,9,INTERMEDIATE,BEGINNER,6,aditya,2021-09-27T05:52:58Z,titiksha,2021-09-27T05:52:58Z
59,Liana Martin,Scala,Microservices,NULL,7,10,9,EXPERT,INTERMEDIATE,2,aditya,2021-09-27T05:52:58Z,titiksha,2021-09-27T05:52:58Z
60,Mark W,MapReduce,Hadoop,NULL,6,9,9,EXPERT,INTERMEDIATE,3,aditya,2021-09-27T05:52:58Z,titiksha,2021-09-27T05:52:58Z
61,Cat Lim,Java,SQL,NULL,3,4,7,INTERMEDIATE,BEGINNER,4,aditya,2021-09-27T05:52:58Z,titiksha,2021-09-27T05:52:58Z
62,Miiteusz Kim,Java,JavaScript,NULL,7,2,6,BEGINNER,INTERMEDIATE,1,aditya,2021-09-27T05:52:58Z,titiksha,2021-09-27T05:52:58Z
63,Walingker Duc,SQL,Informatica,NULL,1,7,3,INTERMEDIATE,BEGINNER,2,aditya,2021-09-27T05:52:58Z,titiksha,2021-09-27T05:52:58Z
64,Duch Greenberg,Power BI,Looker,NULL,4,7,1,INTERMEDIATE,INTERMEDIATE,3,aditya,2021-09-27T05:52:58Z,titiksha,2021-09-27T05:52:58Z
65,Jinah F,Quilk,Looker,NULL,7,8,2,EXPERT,INTERMEDIATE,5,aditya,2021-09-27T05:52:58Z,titiksha,2021-09-27T05:52:58Z
66,Mick Mackiney,MapReduce,Hadoop,NULL,4,6,9,INTERMEDIATE,INTERMEDIATE,5,aditya,2021-09-27T05:52:58Z,titiksha,2021-09-27T05:52:58Z
67,Harvy Tolway,Java,SQL,NULL,9,8,8,EXPERT,EXPERT,1,aditya,2021-09-27T05:52:58Z,titiksha,2021-09-27T05:52:58Z
68,Micheal Xocian,Hadoop,MapReduce,NULL,9,9,7,EXPERT,EXPERT,2,aditya,2021-09-27T05:52:58Z,titiksha,2021-09-27T05:52:58Z
69,Liam Saczyk,Power BI,Looker,NULL,5,4,2,INTERMEDIATE,INTERMEDIATE,3,aditya,2021-09-27T05:52:58Z,titiksha,2021-09-27T05:52:58Z
70,Siguel H,Angular,ReactJS,NULL,3,7,7,INTERMEDIATE,BEGINNER,4,aditya,2021-09-27T05:52:58Z,titiksha,2021-09-27T05:52:58Z
71,Akshay Kumar,Microservices,Python,NULL,8,4,5,INTERMEDIATE,EXPERT,3,aditya,2021-09-27T05:52:58Z,titiksha,2021-09-27T05:52:58Z
72,Mohammed Irfaz,Angular,ReactJS,NULL,10,2,6,BEGINNER,EXPERT,4,aditya,2021-09-27T05:52:58Z,titiksha,2021-09-27T05:52:58Z
73,Mohan Govinda,Java,NodeJS,NULL,9,10,7,EXPERT,EXPERT,2,aditya,2021-09-27T05:52:58Z,titiksha,2021-09-27T05:52:58Z
74,Rabhan Rahman,People Management,SQL,NULL,3,2,3,BEGINNER,BEGINNER,0,aditya,2021-09-27T05:52:58Z,titiksha,2021-09-27T05:52:58Z
75,Natalie Turiel,Hadoop,MapReduce,NULL,10,9,5,EXPERT,EXPERT,5,aditya,2021-09-27T05:52:58Z,titiksha,2021-09-27T05:52:58Z
76,Neethi Sarkar,Java,NodeJS,NULL,6,1,2,BEGINNER,INTERMEDIATE,4,aditya,2021-09-27T05:52:58Z,titiksha,2021-09-27T05:52:58Z
77,Siddhesh Kumar,Java,NodeJS,NULL,5,9,2,EXPERT,INTERMEDIATE,3,aditya,2021-09-27T05:52:58Z,titiksha,2021-09-27T05:52:58Z
78,Mahesh Chavan,Microservices,Python,NULL,1,3,4,BEGINNER,BEGINNER,3,aditya,2021-09-27T05:52:58Z,titiksha,2021-09-27T05:52:58Z
79,Varun Sharma,SQL,Informatica,NULL,9,9,4,EXPERT,EXPERT,5,aditya,2021-09-27T05:52:58Z,titiksha,2021-09-27T05:52:58Z
80,Priyanka Patil,Power BI,Looker,NULL,6,4,1,INTERMEDIATE,INTERMEDIATE,5,aditya,2021-09-27T05:52:58Z,titiksha,2021-09-27T05:52:58Z
81,Pooja Shitole,Linux,Java,NULL,5,9,9,EXPERT,INTERMEDIATE,4,aditya,2021-09-27T05:52:58Z,titiksha,2021-09-27T05:52:58Z
82,Pravin Kumar,Hadoop,MapReduce,NULL,4,10,4,EXPERT,INTERMEDIATE,0,aditya,2021-09-27T05:52:58Z,titiksha,2021-09-27T05:52:58Z
83,Hildon C,Docker,Kubernetes,NULL,1,1,8,BEGINNER,BEGINNER,7,aditya,2021-09-27T05:52:58Z,titiksha,2021-09-27T05:52:58Z
84,Deeksha Pant,Client Servicing,SQL,NULL,10,3,1,BEGINNER,EXPERT,9,aditya,2021-09-27T05:52:58Z,titiksha,2021-09-27T05:52:58Z
85,Jimmie S,Java,SQL,NULL,9,3,6,BEGINNER,EXPERT,3,aditya,2021-09-27T05:52:58Z,titiksha,2021-09-27T05:52:58Z
86,Patrick J,AngularJS,JSS,NULL,9,2,10,BEGINNER,EXPERT,1,aditya,2021-09-27T05:52:58Z,titiksha,2021-09-27T05:52:58Z
87,Prabhat Kumar,AngularJS,JSS,NULL,9,9,4,EXPERT,EXPERT,5,aditya,2021-09-27T05:52:58Z,titiksha,2021-09-27T05:52:58Z
88,Prashant Sharma,Hadoop,MapReduce,NULL,6,2,1,BEGINNER,INTERMEDIATE,5,aditya,2021-09-27T05:52:58Z,titiksha,2021-09-27T05:52:58Z
89,Piyush Goyal,Python,SQL,NULL,7,7,7,INTERMEDIATE,INTERMEDIATE,0,aditya,2021-09-27T05:52:58Z,titiksha,2021-09-27T05:52:58Z
90,Charles Beck,Client Servicing,Azure,NULL,8,8,6,EXPERT,EXPERT,2,aditya,2021-09-27T05:52:58Z,titiksha,2021-09-27T05:52:58Z
91,Ray Philip,Java,SQL,NULL,1,6,7,INTERMEDIATE,BEGINNER,6,aditya,2021-09-27T05:52:58Z,titiksha,2021-09-27T05:52:58Z
92,Kim M,Python,Microservices,NULL,5,7,3,INTERMEDIATE,INTERMEDIATE,2,aditya,2021-09-27T05:52:58Z,titiksha,2021-09-27T05:52:58Z
93,Renato F,Microservices,Python,NULL,10,4,5,INTERMEDIATE,EXPERT,5,aditya,2021-09-27T05:52:58Z,titiksha,2021-09-27T05:52:58Z
94,Rene Lim,Scala,Microservices,NULL,10,9,6,EXPERT,EXPERT,4,aditya,2021-09-27T05:52:58Z,titiksha,2021-09-27T05:52:58Z
95,Rita Kulkarni,Hadoop,MapReduce,NULL,4,4,6,INTERMEDIATE,INTERMEDIATE,2,aditya,2021-09-27T05:52:58Z,titiksha,2021-09-27T05:52:58Z
96,Robert Federrer ,Power BI,Looker,NULL,5,1,3,BEGINNER,INTERMEDIATE,2,aditya,2021-09-27T05:52:58Z,titiksha,2021-09-27T05:52:58Z
97,Ronit Vaz,Java,SQL,NULL,10,8,5,EXPERT,EXPERT,5,aditya,2021-09-27T05:52:58Z,titiksha,2021-09-27T05:52:58Z
98,Suyash Kapoor,Power BI,Looker,NULL,2,3,7,BEGINNER,BEGINNER,5,aditya,2021-09-27T05:52:58Z,titiksha,2021-09-27T05:52:58Z
99,Samuel Jason,AngularJS,JSS,NULL,4,4,7,INTERMEDIATE,INTERMEDIATE,3,aditya,2021-09-27T05:52:58Z,titiksha,2021-09-27T05:52:58Z
100,Palak Patel,Microservices,Python,NULL,6,9,4,EXPERT,INTERMEDIATE,2,aditya,2021-09-27T05:52:58Z,titiksha,2021-09-27T05:52:58Z